event_id,slug,title,question,condition_id,yes_token_id,no_token_id,closed,active,outcomes,yes_price,no_price,last_trade_price,resolved_yes,start_date,end_date,closed_time,uma_resolution_status,volume,liquidity,volume_24hr,one_day_price_change,one_week_price_change,one_month_price_change,spread,best_bid,best_ask,context_description,event_description,tags,sponsor,drug,indication,application_type,pdufa_date,pdufa_matches_market_date,review_type,designations,prior_crl,crl_date,crl_reason_class,manufacturing_inspection_required,inspection_location,adcom_scheduled,risk_category,outcome,outcome_date,outcome_reason,eventually_approved,eventually_approved_date,source_url,enrichment_notes
555997,fda-approves-camurus-oclaiz-06-10-2026,FDA approves Camurus' Oclaiz?,FDA approves Camurus' Oclaiz?,0x17583eea72358d7a1a07e42505900db66eb7f8006c9ae7ddb8831f7d64a4962e,9790467751495698944577542019395549510548745636189774197376277039957068798277,71787882178814728103812947133927223500602892814349404385877196683285205354177,False,True,"[""Yes"", ""No""]",0.825,0.175,0.829,,2026-06-04T19:35:14.763028Z,2026-06-10T00:00:00Z,,,2443.1388439999996,357.46492,406.25,-0.11,,,0.33,0.66,0.99,,"As of market creation, the FDA's expected decision date for the specified application is June 10, 2026.

This market will resolve to ""Yes"" if the U.S. Food and Drug Administration (FDA) grants full or conditional approval for Camurus's Oclaiz as a treatment for patients with acromegaly by June 24, 2026, 11:59 PM ET. Otherwise, this market will resolve to ""No.""

An approval is defined as:
For new drugs: FDA issuance of an approval letter for a New Drug Application (NDA) or Biologics License Application (BLA)
For already-marketed drugs seeking new indications: FDA approval of a supplemental NDA (sNDA) or supplemental BLA (sBLA) for the specific indication referenced
For generic drugs: FDA approval of an Abbreviated New Drug Application (ANDA)
For biosimilars: FDA approval of a 351(k) application

The following constitute qualifying approvals:
Standard approval (traditional approval based on clinical benefit), Accelerated approval (based on surrogate endpoints), Approval with Risk Evaluation and Mitigation Strategy (REMS), Approval with restricted distribution or indication limitations, except compassionate use/expanded access programs

The following do not constitute qualifying approvals:
Approvable letters that require additional actions before approval
Tentative approvals pending patent or exclusivity expiration
FDA requests for additional information or studies
Extension of Prescription Drug User Fee Amendments dates
Approval for compassionate use or expanded access programs only
Approval only for export or for use outside the United States
Emergency Use Authorization (EUA) without full approval
Complete Response Letters (CRLs) indicating the application cannot be approved in its current form

This market will immediately resolve to ""No"" if the FDA issues a Complete Response Letter (CRL) or explicitly declines to approve the application. If the drug sponsor withdraws the application before the end of the specified period, the market will resolve to ""No"" immediately.

If the listed drug is approved before the end of the specified period, the market will resolve to ""Yes,"" regardless of potential Advisory Committee votes against approval or later withdrawal of approval.

Conditional approvals may include post-marketing requirements or commitments and still qualify.

The primary resolution source will be official information from the FDA; however, a consensus of credible reporting will also be used.","business,drug,fda,medicine,science,tech",Camurus AB,"Oclaiz (octreotide SC depot, CAM2029)",Acromegaly,NDA,2026-06-10,yes,standard,none,yes,2024-10-22,CMC/manufacturing,yes,foreign,no,CMC/manufacturing refile,pending,pending,PDUFA 2026-06-10 (one day after today); no FDA action yet.,pending,pending,https://www.camurus.com/media/press-releases/2026/camurus-announces-fda-acceptance-of-nda-resubmission-for-oclaiz-for-the-treatment-of-acromegaly/; https://www.camurus.com/media/press-releases/2024/camurus-provides-regulatory-update-on-the-us-nda-for-cam2029-in-acromegaly/,Original NDA CRL 2024-10-22 tied SOLELY to cGMP inspection deficiencies at a foreign third-party manufacturer. Resubmitted Dec 2025; PDUFA 2026-06-10. Classic CMC refile.
556012,fda-approves-gsk-spero-therapeutics-tebipenem-hbr-06-18-2026,FDA approves GSK & Spero Therapeutics' Tebipenem HBr?,FDA approves GSK & Spero Therapeutics' Tebipenem HBr?,0x1b4b89d1eb8b516f8c65bfd42a652a4430f2820a10a183cc00dfb1f5924ecac6,78995205365570565066249949387638649229709537783656066690162225076290008296743,19328717987046459351831442923027633200185233937220413514193990019512915547300,False,True,"[""Yes"", ""No""]",0.715,0.285,0.72,,2026-06-04T19:35:15.710846Z,2026-06-18T00:00:00Z,,,3695.6813629999983,1933.565,6.227638,-0.005,,,0.01,0.71,0.72,,"As of market creation, the FDA's expected decision date for the specified application is June 18, 2026.

This market will resolve to ""Yes"" if the U.S. Food and Drug Administration (FDA) grants full or conditional approval for GSK & Spero Therapeutics's Tebipenem HBr as a treatment for complicated urinary tract infections (cUTIs), including pyelonephritis by July 2, 2026, 11:59 PM ET. Otherwise, this market will resolve to ""No.""

An approval is defined as:
For new drugs: FDA issuance of an approval letter for a New Drug Application (NDA) or Biologics License Application (BLA)
For already-marketed drugs seeking new indications: FDA approval of a supplemental NDA (sNDA) or supplemental BLA (sBLA) for the specific indication referenced
For generic drugs: FDA approval of an Abbreviated New Drug Application (ANDA)
For biosimilars: FDA approval of a 351(k) application

The following constitute qualifying approvals:
Standard approval (traditional approval based on clinical benefit), Accelerated approval (based on surrogate endpoints), Approval with Risk Evaluation and Mitigation Strategy (REMS), Approval with restricted distribution or indication limitations, except compassionate use/expanded access programs

The following do not constitute qualifying approvals:
Approvable letters that require additional actions before approval
Tentative approvals pending patent or exclusivity expiration
FDA requests for additional information or studies
Extension of Prescription Drug User Fee Amendments dates
Approval for compassionate use or expanded access programs only
Approval only for export or for use outside the United States
Emergency Use Authorization (EUA) without full approval
Complete Response Letters (CRLs) indicating the application cannot be approved in its current form

This market will immediately resolve to ""No"" if the FDA issues a Complete Response Letter (CRL) or explicitly declines to approve the application. If the drug sponsor withdraws the application before the end of the specified period, the market will resolve to ""No"" immediately.

If the listed drug is approved before the end of the specified period, the market will resolve to ""Yes,"" regardless of potential Advisory Committee votes against approval or later withdrawal of approval.

Conditional approvals may include post-marketing requirements or commitments and still qualify.

The primary resolution source will be official information from the FDA; however, a consensus of credible reporting will also be used.","business,drug,fda,medicine,science,tech",GSK / Spero Therapeutics,tebipenem pivoxil hydrobromide (tebipenem HBr),Complicated UTI incl. acute pyelonephritis,NDA,2026-06-18,yes,unknown,QIDP;Fast Track,yes,2022-06-30,clinical/efficacy,unknown,unknown,no,Clinical/efficacy,pending,pending,Resubmitted NDA under review; PDUFA 2026-06-18; no decision as of 2026-06-09.,pending,pending,https://www.gsk.com/en-gb/media/press-releases/positive-pivot-po-phase-iii-data-show-tebipenem-hbr-s-potential-as-the-first-oral-carbapenem-antibiotic-for-patients-with-complicated-urinary-tract-infections-cutis/; https://www.globenewswire.com/news-release/2026/05/13/3294434/0/en/spero-therapeutics-announces-first-quarter-2026-operating-results-and-provides-business-update.html,"PRIOR CRL June 2022 (Spero), trial-participant classification in ADAPT-PO (clinical/efficacy). New PIVOT-PO Ph3 supports resubmission (Dec 2025). crl_date approximate."
556024,fda-approves-merck-welireg-keytruda-or-keytruda-qlex-06-19-2026,FDA approves Merck's Welireg + Keytruda or Keytruda Qlex?,FDA approves Merck's Welireg + Keytruda or Keytruda Qlex?,0xf1cc13243db73347c0e4eaca6aa4ca68dcdb3a3bf7a8937e804c4fee047e66ed,91234654974942531712649884521655849604456464750059504118872404397662648931411,23539858007764270118501458814314081184106639123899028621801319955776268313272,False,True,"[""Yes"", ""No""]",0.835,0.165,0.82,,2026-06-04T19:35:17.15635Z,2026-06-19T00:00:00Z,,,287.31626099999994,352.6187,13.78,0.025,,,0.07,0.8,0.87,,"As of market creation, the FDA's expected decision date for the specified application is June 19, 2026.

This market will resolve to ""Yes"" if the U.S. Food and Drug Administration (FDA) grants full or conditional approval for Merck's Welireg + Keytruda or Keytruda Qlex as a treatment for adjuvant treatment of clear cell renal cell carcinoma following nephrectomy by July 3, 2026, 11:59 PM ET. Otherwise, this market will resolve to ""No.""

An approval is defined as:
For new drugs: FDA issuance of an approval letter for a New Drug Application (NDA) or Biologics License Application (BLA)
For already-marketed drugs seeking new indications: FDA approval of a supplemental NDA (sNDA) or supplemental BLA (sBLA) for the specific indication referenced
For generic drugs: FDA approval of an Abbreviated New Drug Application (ANDA)
For biosimilars: FDA approval of a 351(k) application

The following constitute qualifying approvals:
Standard approval (traditional approval based on clinical benefit), Accelerated approval (based on surrogate endpoints), Approval with Risk Evaluation and Mitigation Strategy (REMS), Approval with restricted distribution or indication limitations, except compassionate use/expanded access programs

The following do not constitute qualifying approvals:
Approvable letters that require additional actions before approval
Tentative approvals pending patent or exclusivity expiration
FDA requests for additional information or studies
Extension of Prescription Drug User Fee Amendments dates
Approval for compassionate use or expanded access programs only
Approval only for export or for use outside the United States
Emergency Use Authorization (EUA) without full approval
Complete Response Letters (CRLs) indicating the application cannot be approved in its current form

This market will immediately resolve to ""No"" if the FDA issues a Complete Response Letter (CRL) or explicitly declines to approve the application. If the drug sponsor withdraws the application before the end of the specified period, the market will resolve to ""No"" immediately.

If the listed drug is approved before the end of the specified period, the market will resolve to ""Yes,"" regardless of potential Advisory Committee votes against approval or later withdrawal of approval.

Conditional approvals may include post-marketing requirements or commitments and still qualify.

The primary resolution source will be official information from the FDA; however, a consensus of credible reporting will also be used.","business,drug,fda,medicine,science,tech",Merck,Welireg (belzutifan) + Keytruda (pembrolizumab) / Keytruda Qlex,Adjuvant clear cell renal cell carcinoma (ccRCC) post-nephrectomy,sNDA,2026-06-19,yes,priority,none,no,,,unknown,unknown,no,Oncology sNDA,pending,pending,"Open market; PDUFA 2026-06-19 (matches market), based on Ph3 LITESPARK-022.",pending,pending,https://www.merck.com/news/keytruda-pembrolizumab-plus-welireg-belzutifan-given-as-adjuvant-therapy-reduced-the-risk-of-disease-recurrence-or-death-by-28-compared-to-keytruda-monotherapy-in-certain-patients-with/; https://www.urologytimes.com/view/fda-grants-priority-review-to-adjuvant-belzutifan-plus-pembrolizumab-for-ccrcc,"Combined Welireg sNDA + Keytruda sBLAs, shared PDUFA 2026-06-19. LITESPARK-022 at ASCO GU 2026."
556033,fda-approves-kiniksa-regeneron-arcalyst-06-19-2026,FDA approves Arcalyst technology transfer?,FDA approves Arcalyst technology transfer?,0x867d2b14e4334057aa0a8172e3be513e9dd907ec6181c3275878144d46eb44e9,98678819069478680617064953082888421117999069425418620706355486116533458039721,86314011341674034526185287193461955886179458842282344239667398454076760038957,False,True,"[""Yes"", ""No""]",0.9,0.1,0.82,,2026-06-04T19:35:19.599027Z,2026-06-19T00:00:00Z,,,2333.010203,1300.9048,,0.215,,,0.04,0.88,0.92,,"As of market creation, the FDA's expected decision date for the specified application is June 19, 2026.

This market will resolve to ""Yes"" if the U.S. Food and Drug Administration (FDA) grants full or conditional approval for Kiniksa & Regeneron's Arcalyst related to the technology transfer to Samsung Biologics as a replacement CDMO by July 3, 2026, 11:59 PM ET. Otherwise, this market will resolve to ""No.""

An approval is defined as:
For new drugs: FDA issuance of an approval letter for a New Drug Application (NDA) or Biologics License Application (BLA)
For already-marketed drugs seeking new indications: FDA approval of a supplemental NDA (sNDA) or supplemental BLA (sBLA) for the specific indication referenced
For generic drugs: FDA approval of an Abbreviated New Drug Application (ANDA)
For biosimilars: FDA approval of a 351(k) application

The following constitute qualifying approvals:
Standard approval (traditional approval based on clinical benefit), Accelerated approval (based on surrogate endpoints), Approval with Risk Evaluation and Mitigation Strategy (REMS), Approval with restricted distribution or indication limitations, except compassionate use/expanded access programs

The following do not constitute qualifying approvals:
Approvable letters that require additional actions before approval
Tentative approvals pending patent or exclusivity expiration
FDA requests for additional information or studies
Extension of Prescription Drug User Fee Amendments dates
Approval for compassionate use or expanded access programs only
Approval only for export or for use outside the United States
Emergency Use Authorization (EUA) without full approval
Complete Response Letters (CRLs) indicating the application cannot be approved in its current form

This market will immediately resolve to ""No"" if the FDA issues a Complete Response Letter (CRL) or explicitly declines to approve the application. If the drug sponsor withdraws the application before the end of the specified period, the market will resolve to ""No"" immediately.

If the listed drug is approved before the end of the specified period, the market will resolve to ""Yes,"" regardless of potential Advisory Committee votes against approval or later withdrawal of approval.

Conditional approvals may include post-marketing requirements or commitments and still qualify.

The primary resolution source will be official information from the FDA; however, a consensus of credible reporting will also be used.","business,drug,fda,medicine,science,tech",Kiniksa Pharmaceuticals (Regeneron originator),Arcalyst (rilonacept),No new indication; manufacturing technology-transfer supplement (recurrent pericarditis/CAPS/DIRA),sBLA,2026-06-19,yes,standard,none,no,,,yes,foreign,no,CMC/manufacturing refile,pending,pending,PDUFA 2026-06-19 after today (2026-06-09); no FDA action yet.,pending,pending,https://polymarket.com/event/fda-approves-kiniksa-regeneron-arcalyst-06-19-2026 (market resolution rules — premise); https://investors.kiniksa.com/node/12651/pdf; https://www.stocktitan.net/sec-filings/KNSA/10-q-kiniksa-pharmaceuticals-international-plc-quarterly-earnings-rep-c506fc494ddd.html,"Manufacturing CDMO technology transfer to Samsung Biologics (drug-substance plants in South Korea = foreign inspection); a CMC-comparability bet, no clinical/indication change. SOURCE-VALIDITY NOTE (audited 2026-06-10): the premise is documented by the Polymarket market's own resolution rules (Gamma event 556033: resolves on 'FDA approval ... related to the technology transfer to Samsung Biologics as a replacement CDMO,' stated expected decision date 2026-06-19), and the transfer itself is real (Kiniksa Q1 2025 disclosed it 'in progress'). BUT no FDA-published PDUFA notice or Kiniksa press release independently confirms the 2026-06-19 action date or the exact filing type (application_type='sBLA' is an inference; it may be a manufacturing supplement) — that date is the market's stated expectation, not independently corroborated. prior_crl=no is consistent (no rilonacept CRL ever reported). Treat the PDUFA date as market-stated, not FDA-confirmed."
556064,fda-approves-arcutis-zoryve-cream-06-29-2026,FDA approves Arcutis' Zoryve cream?,FDA approves Arcutis' Zoryve cream?,0xb7c2d7f522335da5c7cb4c9ea13b6e7caa434edf592a696e5a23ddc516715536,5326686830403320881315123977898684912619539791198259198721594979452835065069,112053394931601951078685087694816063040578631816280033954054311951936677570613,False,True,"[""Yes"", ""No""]",0.89,0.11,0.9,,2026-06-04T19:54:46.325243Z,2026-06-29T00:00:00Z,,,4070.469934999999,2612.0906,131.693332,0.005,,,0.02,0.88,0.9,"The high 89% market-implied odds for FDA approval of Arcutis’ Zoryve (roflumilast) cream reflect the imminent June 29, 2026, PDUFA target action date for the supplemental new drug application expanding the 0.3% formulation to plaque psoriasis in children ages 2 to 5. Arcutis has secured multiple prior Zoryve approvals since 2022, including recent expansions for atopic dermatitis in young children and additional psoriasis and seborrheic dermatitis indications, establishing a consistent regulatory track record with this topical PDE4 inhibitor. No major safety signals or review delays have emerged in recent filings, supporting trader consensus that the application aligns with established FDA standards for the steroid-free cream’s demonstrated efficacy and tolerability profile.","As of market creation, the FDA's expected decision date for the specified application is June 29, 2026.

This market will resolve to ""Yes"" if the U.S. Food and Drug Administration (FDA) grants full or conditional approval for Arcutis's Zoryve cream as a treatment for plaque psoriasis in children aged 2 to 5 by July 13, 2026, 11:59 PM ET. Otherwise, this market will resolve to ""No.""

An approval is defined as:
For new drugs: FDA issuance of an approval letter for a New Drug Application (NDA) or Biologics License Application (BLA)
For already-marketed drugs seeking new indications: FDA approval of a supplemental NDA (sNDA) or supplemental BLA (sBLA) for the specific indication referenced
For generic drugs: FDA approval of an Abbreviated New Drug Application (ANDA)
For biosimilars: FDA approval of a 351(k) application

The following constitute qualifying approvals:
Standard approval (traditional approval based on clinical benefit), Accelerated approval (based on surrogate endpoints), Approval with Risk Evaluation and Mitigation Strategy (REMS), Approval with restricted distribution or indication limitations, except compassionate use/expanded access programs

The following do not constitute qualifying approvals:
Approvable letters that require additional actions before approval
Tentative approvals pending patent or exclusivity expiration
FDA requests for additional information or studies
Extension of Prescription Drug User Fee Amendments dates
Approval for compassionate use or expanded access programs only
Approval only for export or for use outside the United States
Emergency Use Authorization (EUA) without full approval
Complete Response Letters (CRLs) indicating the application cannot be approved in its current form

This market will immediately resolve to ""No"" if the FDA issues a Complete Response Letter (CRL) or explicitly declines to approve the application. If the drug sponsor withdraws the application before the end of the specified period, the market will resolve to ""No"" immediately.

If the listed drug is approved before the end of the specified period, the market will resolve to ""Yes,"" regardless of potential Advisory Committee votes against approval or later withdrawal of approval.

Conditional approvals may include post-marketing requirements or commitments and still qualify.

The primary resolution source will be official information from the FDA; however, a consensus of credible reporting will also be used.","business,drug,fda,medicine,science,tech",Arcutis Biotherapeutics,Zoryve (roflumilast) cream 0.3%,Plaque psoriasis in children ages 2-5 (pediatric expansion),sNDA,2026-06-29,yes,standard,none,no,,,no,,no,Clean desk review,pending,pending,PDUFA 2026-06-29 after today; no FDA action yet.,pending,pending,https://www.globenewswire.com/news-release/2025/11/17/3189050/0/en/FDA-Accepts-Supplemental-New-Drug-Application-for-Arcutis-ZORYVE-roflumilast-Cream-0-3-for-the-Treatment-of-Plaque-Psoriasis-in-Children-Ages-2-to-5.html; https://www.arcutis.com/fda-accepts-supplemental-new-drug-application-for-arcutis-zoryve-roflumilast-cream-0-3-for-the-treatment-of-plaque-psoriasis-in-children-ages-2-to-5/,Age expansion (2-5) of already-approved cream; low-risk label expansion.
556092,fda-approves-unicycive-oxylanthanum-carbonate-06-29-2026,FDA approves Unicycive's Oxylanthanum carbonate?,FDA approves Unicycive's Oxylanthanum carbonate?,0x2f11d2ff4a5443460598be5551c5d21709a4140239ad6447c77989131e7dd881,57236356231501397079333811882627607956737916159788357580272439498254658662234,21029090013383714366693778505340244379763615288591271873186915014610586268360,False,True,"[""Yes"", ""No""]",0.77,0.23,0.79,,2026-06-04T20:04:27.145501Z,2026-06-29T00:00:00Z,,,3431.0504139999994,2241.596,1.265821,0.005,,,0.04,0.75,0.79,,"As of market creation, the FDA's expected decision date for the specified application is June 29, 2026.

This market will resolve to ""Yes"" if the U.S. Food and Drug Administration (FDA) grants full or conditional approval for Unicycive's Oxylanthanum carbonate as a treatment for hyperphosphatemia in CKD patients on dialysis by July 13, 2026, 11:59 PM ET. Otherwise, this market will resolve to ""No.""

An approval is defined as:
For new drugs: FDA issuance of an approval letter for a New Drug Application (NDA) or Biologics License Application (BLA)
For already-marketed drugs seeking new indications: FDA approval of a supplemental NDA (sNDA) or supplemental BLA (sBLA) for the specific indication referenced
For generic drugs: FDA approval of an Abbreviated New Drug Application (ANDA)
For biosimilars: FDA approval of a 351(k) application

The following constitute qualifying approvals:
Standard approval (traditional approval based on clinical benefit), Accelerated approval (based on surrogate endpoints), Approval with Risk Evaluation and Mitigation Strategy (REMS), Approval with restricted distribution or indication limitations, except compassionate use/expanded access programs

The following do not constitute qualifying approvals:
Approvable letters that require additional actions before approval
Tentative approvals pending patent or exclusivity expiration
FDA requests for additional information or studies
Extension of Prescription Drug User Fee Amendments dates
Approval for compassionate use or expanded access programs only
Approval only for export or for use outside the United States
Emergency Use Authorization (EUA) without full approval
Complete Response Letters (CRLs) indicating the application cannot be approved in its current form

This market will immediately resolve to ""No"" if the FDA issues a Complete Response Letter (CRL) or explicitly declines to approve the application. If the drug sponsor withdraws the application before the end of the specified period, the market will resolve to ""No"" immediately.

If the listed drug is approved before the end of the specified period, the market will resolve to ""Yes,"" regardless of potential Advisory Committee votes against approval or later withdrawal of approval.

Conditional approvals may include post-marketing requirements or commitments and still qualify.

The primary resolution source will be official information from the FDA; however, a consensus of credible reporting will also be used.","business,drug,fda,medicine,science,tech",Unicycive Therapeutics,oxylanthanum carbonate (OLC),Hyperphosphatemia in CKD on dialysis,505(b)(2),2026-06-29,yes,standard,none,yes,2025-06-30,CMC/manufacturing,yes,unknown,no,CMC/manufacturing refile,pending,pending,No FDA action as of 2026-06-09; PDUFA 2026-06-29.,pending,pending,https://ir.unicycive.com/news/detail/118/update---unicycive-therapeutics-announces-fda-acceptance-of; https://ir.unicycive.com/news/detail/104/unicycive-therapeutics-announces-receipt-of-complete; https://ir.unicycive.com/news/detail/111/unicycive-therapeutics-provides-update-from-fda-type-a,REFILE of the OLC NDA after the single-deficiency CMC CRL dated 2025-06-30 (third-party vendor compliance). Resubmitted Dec 2025; accepted 2026-01-29 as Class II; PDUFA 2026-06-29. Backup manufacturer with clean inspection history qualified. Some outlets reported 06-27.
556116,fda-approves-viridian-therapeutics-veligrotug-06-30-2026,FDA approves Viridian Therapeutics' Veligrotug?,FDA approves Viridian Therapeutics' Veligrotug?,0xebbcaedbd2ab0c9e8aef9fce18af2322657f15326ab419e4271a6708d5024741,998551630088519161733333705538873405055359592430918272762879243823110139076,94941213406340806045557755753797378247822133257915957054702804581499829802358,False,True,"[""Yes"", ""No""]",0.73,0.27,0.75,,2026-06-04T20:04:30.210685Z,2026-06-30T00:00:00Z,,,2587.198119999999,1682.6041,18.6787,-0.01,,,0.04,0.71,0.75,,"As of market creation, the FDA's expected decision date for the specified application is June 30, 2026.

This market will resolve to ""Yes"" if the U.S. Food and Drug Administration (FDA) grants full or conditional approval for Viridian Therapeutics's Veligrotug as a treatment for thyroid eye disease by July 14, 2026, 11:59 PM ET. Otherwise, this market will resolve to ""No.""

An approval is defined as:
For new drugs: FDA issuance of an approval letter for a New Drug Application (NDA) or Biologics License Application (BLA)
For already-marketed drugs seeking new indications: FDA approval of a supplemental NDA (sNDA) or supplemental BLA (sBLA) for the specific indication referenced
For generic drugs: FDA approval of an Abbreviated New Drug Application (ANDA)
For biosimilars: FDA approval of a 351(k) application

The following constitute qualifying approvals:
Standard approval (traditional approval based on clinical benefit), Accelerated approval (based on surrogate endpoints), Approval with Risk Evaluation and Mitigation Strategy (REMS), Approval with restricted distribution or indication limitations, except compassionate use/expanded access programs

The following do not constitute qualifying approvals:
Approvable letters that require additional actions before approval
Tentative approvals pending patent or exclusivity expiration
FDA requests for additional information or studies
Extension of Prescription Drug User Fee Amendments dates
Approval for compassionate use or expanded access programs only
Approval only for export or for use outside the United States
Emergency Use Authorization (EUA) without full approval
Complete Response Letters (CRLs) indicating the application cannot be approved in its current form

This market will immediately resolve to ""No"" if the FDA issues a Complete Response Letter (CRL) or explicitly declines to approve the application. If the drug sponsor withdraws the application before the end of the specified period, the market will resolve to ""No"" immediately.

If the listed drug is approved before the end of the specified period, the market will resolve to ""Yes,"" regardless of potential Advisory Committee votes against approval or later withdrawal of approval.

Conditional approvals may include post-marketing requirements or commitments and still qualify.

The primary resolution source will be official information from the FDA; however, a consensus of credible reporting will also be used.","business,drug,fda,medicine,science,tech",Viridian Therapeutics,veligrotug (VRDN-001),Thyroid eye disease (TED),BLA,2026-06-30,yes,priority,Breakthrough,no,,,unknown,unknown,no,Clean desk review,pending,pending,No FDA action as of 2026-06-09; PDUFA 2026-06-30.,pending,pending,https://investors.viridiantherapeutics.com/news/news-details/2025/Viridian-Therapeutics-Announces-BLA-Acceptance-and-Priority-Review-for-Veligrotug-for-the-Treatment-of-Thyroid-Eye-Disease/default.aspx; https://www.businesswire.com/news/home/20251222159703/en/Viridian-Therapeutics-Announces-BLA-Acceptance-and-Priority-Review-for-Veligrotug-for-the-Treatment-of-Thyroid-Eye-Disease,"Original BLA, no prior CRL. Accepted 2025-12-22 priority review; Breakthrough (May 2025). Ph3 THRIVE/THRIVE-2."
556094,fda-approves-ionis-olezarsen-06-30-2026,FDA approves Ionis' Olezarsen?,FDA approves Ionis' Olezarsen?,0xe15a1b92153dcc68c313b3601cb230f9d3b3b1eff180ae5f98ee350fbf352e6e,18478356096311768507525181003099343533673988861855446773599807234745588398226,48103501461697647160044534931374305477294950808194962645947470346168910609658,False,True,"[""Yes"", ""No""]",0.88,0.12,0.78,,2026-06-04T20:04:29.166658Z,2026-06-30T00:00:00Z,,,2117.8366749999996,2117.841,17.07,0.005,,,0.04,0.86,0.9,"Strong Phase 3 data from the BALANCE study showing substantial triglyceride reductions and fewer pancreatitis events, combined with multiple FDA designations including Priority Review, Fast Track, Orphan Drug, and Breakthrough Therapy status, underpin the 88% market-implied probability for FDA approval of Ionis' RNA-targeted antisense oligonucleotide olezarsen. The agency accepted the supplemental New Drug Application for severe hypertriglyceridemia in February 2026 with a June 30 PDUFA target and no advisory committee planned, mirroring the smooth path to the December 2024 approval for familial chylomicronemia syndrome. These factors reflect trader consensus on the drug's clinical profile and regulatory momentum near the action date, though final labeling or manufacturing issues could still influence the outcome.","As of market creation, the FDA's expected decision date for the specified application is June 30, 2026.

This market will resolve to ""Yes"" if the U.S. Food and Drug Administration (FDA) grants full or conditional approval for Ionis's Olezarsen as a treatment for severe hypertriglyceridemia by July 14, 2026, 11:59 PM ET. Otherwise, this market will resolve to ""No.""

An approval is defined as:
For new drugs: FDA issuance of an approval letter for a New Drug Application (NDA) or Biologics License Application (BLA)
For already-marketed drugs seeking new indications: FDA approval of a supplemental NDA (sNDA) or supplemental BLA (sBLA) for the specific indication referenced
For generic drugs: FDA approval of an Abbreviated New Drug Application (ANDA)
For biosimilars: FDA approval of a 351(k) application

The following constitute qualifying approvals:
Standard approval (traditional approval based on clinical benefit), Accelerated approval (based on surrogate endpoints), Approval with Risk Evaluation and Mitigation Strategy (REMS), Approval with restricted distribution or indication limitations, except compassionate use/expanded access programs

The following do not constitute qualifying approvals:
Approvable letters that require additional actions before approval
Tentative approvals pending patent or exclusivity expiration
FDA requests for additional information or studies
Extension of Prescription Drug User Fee Amendments dates
Approval for compassionate use or expanded access programs only
Approval only for export or for use outside the United States
Emergency Use Authorization (EUA) without full approval
Complete Response Letters (CRLs) indicating the application cannot be approved in its current form

This market will immediately resolve to ""No"" if the FDA issues a Complete Response Letter (CRL) or explicitly declines to approve the application. If the drug sponsor withdraws the application before the end of the specified period, the market will resolve to ""No"" immediately.

If the listed drug is approved before the end of the specified period, the market will resolve to ""Yes,"" regardless of potential Advisory Committee votes against approval or later withdrawal of approval.

Conditional approvals may include post-marketing requirements or commitments and still qualify.

The primary resolution source will be official information from the FDA; however, a consensus of credible reporting will also be used.","business,drug,fda,medicine,science,tech",Ionis Pharmaceuticals,Tryngolza (olezarsen),Severe hypertriglyceridemia (sHTG; TG>=500 mg/dL),sNDA,2026-06-30,yes,priority,none,no,,,no,,no,Clean desk review,pending,pending,PDUFA 2026-06-30 after today; no FDA action yet.,pending,pending,https://ir.ionis.com/news-releases/news-release-details/olezarsen-snda-accepted-fda-priority-review-treatment-severe; https://www.businesswire.com/news/home/20260226109569/en/Olezarsen-sNDA-accepted-by-the-FDA-for-the-treatment-of-severe-hypertriglyceridemia-sHTG,"Expansion of already-approved Tryngolza (apoC-III antisense, approved for FCS) to sHTG; Ph3 CORE/CORE2. Priority review; label expansion = clean review."
158107,fda-approves-retatrutide-this-year,FDA approves Retatrutide this year?,FDA approves Retatrutide this year?,0xa9e844555c3aeac59e6104f266bee4ce930b6941fbea4053eb1ab440cdc4ea8e,37046612607917670308080402239015003453544974634272162340833828461002861888000,88804198326803208210051239842322035314858564707784139836567124873063625803223,False,True,"[""Yes"", ""No""]",0.125,0.875,0.13,,2026-01-12T23:09:01.744068Z,2026-12-31T00:00:00Z,,,569214.834369999,2306.3418,49.136362,,-0.03,-0.08,0.01,0.12,0.13,"Eli Lilly’s investigational triple agonist retatrutide remains in Phase 3, with the pivotal TRIUMPH-1 trial delivering strong topline efficacy data only in May 2026—average weight reductions of 25.9–28.3% at 80 weeks and up to 30.3% at 104 weeks on the 12 mg dose. No new drug application has been submitted, and company guidance projects filing no earlier than Q4 2026. Standard FDA review timelines of 10–12 months therefore place any potential approval decision in 2027 or later, even under priority review. Multiple additional TRIUMPH studies are still completing readout or analysis through the remainder of 2026, further constraining the window for full regulatory evaluation and approval within the calendar year.","Retatrutide is a triple agonist hormone/peptide drug developed by Eli Lilly and currently in trial to treat obesity, fatty liver disease, type-2 diabetes, knee osteoarthritis, and more.

This market will resolve to ""Yes"" if the U.S. Food and Drug Administration (FDA) grants a full or conditional approval for Eli Lilly’s for a drug product whose active ingredient is Eli Lilly’s retatrutide (including any brand name or identifier such as LY3437943) for any use between market creation and December 31, 2026, 11:59 PM ET. Otherwise, this market will resolve to ""No.""

An approval is defined as:
For new drugs: FDA issuance of an approval letter for a New Drug Application (NDA) or Biologics License Application (BLA)
For already-marketed drugs seeking new indications: FDA approval of a supplemental NDA (sNDA) or supplemental BLA (sBLA) for the specific indication referenced
For generic drugs: FDA approval of an Abbreviated New Drug Application (ANDA)
For biosimilars: FDA approval of a 351(k) application

The following constitute qualifying approvals:
Standard approval (traditional approval based on clinical benefit), Accelerated approval (based on surrogate endpoints), Approval with Risk Evaluation and Mitigation Strategy (REMS), Approval with restricted distribution or indication limitations, except compassionate use/expanded access programs

The following do not constitute qualifying approvals:
Approvable letters that require additional actions before approval
Tentative approvals pending patent or exclusivity expiration
FDA requests for additional information or studies
Extension of Prescription Drug User Fee Amendments dates
Approval for compassionate use or expanded access programs only
Approval only for export or for use outside the United States
Emergency Use Authorization (EUA) without full approval
Complete Response Letters (CRLs) indicating the application cannot be approved in its current form

If the listed drug is approved within this market’s timeframe, the market will resolve to ""Yes,"" regardless of potential Advisory Committee votes against approval or later withdrawal of approval.

Conditional approvals may include post-marketing requirements or commitments and still qualify.

The primary resolution source will be official information from the FDA; however, a consensus of credible reporting will also be used.","chinese-peptides,drug,eli-lilly,fda,glp,science,tech",Eli Lilly,"Retatrutide (LY3437943, GGG triple agonist)",Chronic weight management / obesity,NDA,,no,unknown,none,no,,,unknown,unknown,no,Timeline bet,pending,pending,"No NDA filed as of June 2026; submission guided Q4 2026, so approval by 2026-12-31 is effectively impossible.",pending,pending,https://www.sec.gov/Archives/edgar/data/0000059478/000005947826000043/q126lillysalesandearningsp.htm; https://www.retaweightloss.com/article/when-will-retatrutide-be-fda-approved-2026-timeline-update,No NDA filed; Ph3 TRIUMPH-1 data 2026-05-21. Filing guided Q4 2026; approval not before late 2027. Market structurally a 'No' for 2026.
482084,fda-approves-daraxonrasib-this-year,FDA approves Daraxonrasib this year?,FDA approves Daraxonrasib this year?,0xc98bbd47829f1ce2577a077122c6c2ad92f81c8a0121ff76d35228db8fe06fd9,14198965093737338776663839616761235146430455916053982124683200078400155180082,42785756387951692457807930787259017290684698484622152409513593503231430104901,False,True,"[""Yes"", ""No""]",0.71,0.29,0.75,,2026-05-13T21:54:50.450656Z,2026-12-31T00:00:00Z,,,66.18380099999999,1801.7006,,0.005,0.03,,0.08,0.67,0.75,"Recent positive Phase 2 data showing unprecedented overall survival in previously treated metastatic pancreatic ductal adenocarcinoma with KRAS G12 mutations, announced in April 2026, combined with the FDA’s national priority voucher from October 2025, form the main driver behind the 70.5% market-implied probability of approval this year. The voucher enables expedited review, while the May 2026 “safe to proceed” letter for expanded access underscores regulatory engagement and urgency for this RAS(ON) inhibitor. A Phase 3 trial readout expected around mid-2026 will supply pivotal evidence, though NDA submission timing and full data review still carry inherent uncertainty typical of accelerated oncology pathways.","Daraxonrasib is an RAS inhibitor drug developed by Revolution Medicines and currently in trial to treat RAS-mutated cancers.

This market will resolve to ""Yes"" if the U.S. Food and Drug Administration (FDA) grants a full or conditional approval for a drug product whose active ingredient is Revolution Medicines’ daraxonrasib (including any brand name or identifier) for any use between market creation and December 31, 2026, 11:59 PM ET. Otherwise, this market will resolve to ""No.""

An approval is defined as:
For new drugs: FDA issuance of an approval letter for a New Drug Application (NDA) or Biologics License Application (BLA)
For already-marketed drugs seeking new indications: FDA approval of a supplemental NDA (sNDA) or supplemental BLA (sBLA) for the specific indication referenced
For generic drugs: FDA approval of an Abbreviated New Drug Application (ANDA)
For biosimilars: FDA approval of a 351(k) application

The following constitute qualifying approvals:
Standard approval (traditional approval based on clinical benefit), Accelerated approval (based on surrogate endpoints), Approval with Risk Evaluation and Mitigation Strategy (REMS), Approval with restricted distribution or indication limitations, except compassionate use/expanded access programs

The following do not constitute qualifying approvals:
Approvable letters that require additional actions before approval
Tentative approvals pending patent or exclusivity expiration
FDA requests for additional information or studies
Extension of Prescription Drug User Fee Amendments dates
Approval for compassionate use or expanded access programs only
Approval only for export or for use outside the United States
Emergency Use Authorization (EUA) without full approval
Complete Response Letters (CRLs) indicating the application cannot be approved in its current form

If the listed drug is approved within this market’s timeframe, the market will resolve to ""Yes,"" regardless of potential Advisory Committee votes against approval or later withdrawal of approval.

Conditional approvals may include post-marketing requirements or commitments and still qualify.

The primary resolution source will be official information from the FDA; however, a consensus of credible reporting will also be used.","cancer,drug,research,science,tech",Revolution Medicines,Daraxonrasib (RMC-6236),Previously treated metastatic RAS-mutant pancreatic cancer (PDAC),NDA,unknown,unknown,priority,Breakthrough;Orphan;Priority Review Voucher,no,,,unknown,unknown,no,Timeline bet,pending,pending,"Open; as of 2026-06-09 NO NDA is on file (company stated intent to submit under the National Priority Voucher program), so no PDUFA exists — a 2026 approval is a timeline bet.",pending,pending,https://ir.revmed.com/news-releases/news-release-details/revolution-medicines-statement-fda-expanded-access-authorization; https://www.geneonline.com/revolution-medicines-ships-daraxonrasib-fda-submission-anticipated-by-may-30-2026/,Ph3 RASolute 302 hit OS. Breakthrough + Orphan; National Priority Voucher (Oct 2025) for compressed ~1-2 mo review. No PDUFA confirmed yet.
26351,fda-approves-mercks-clesrovimab-infant-rsv-prevention-mk1654,FDA approves Merck’s clesrovimab infant RSV prevention (MK‑1654)?,FDA approves Merck’s clesrovimab infant RSV prevention (MK‑1654)?,0x108e7a674ae7c86ff698b50833e2c8ee8d02bc336cc3ca1a2c42bc348cbbc738,110277767978162820657507122560579831140491170286088857058778075751412428867594,70799734104664715408631734640682620690445973392429122858338693410839545371422,True,True,"[""Yes"", ""No""]",1.0,0.0,1.0,True,2025-06-08T19:18:24.516597Z,2025-06-17T00:00:00Z,2025-06-09T22:31:09Z,resolved,22545.146532,,,0.2745,,,0.001,0.999,1.0,,"This market will resolve to ""Yes"" if the U.S. Food and Drug Administration (FDA) grants full or conditional approval for Merck’s biologics license application (BLA) for clesrovimab (MK‑1654) as a preventive treatment for respiratory syncytial virus (RSV) in infants by June 17, 2025, 11:59 PM ET. Otherwise, this market will resolve to ""No"".

This market will immediately resolve to ""No"" if the FDA issues a Complete Response Letter (CRL), explicitly declines to approve the application. 

Conditional approvals may include post-marketing requirements or commitments and still qualify.

The primary resolution source will be official information from the FDA, however a consensus of credible reporting may also be used.","drug,science,tech",Merck,"clesrovimab-cfor (Enflonsia, MK-1654)",Prevention of RSV LRTD in infants in first RSV season,BLA,2025-06-17,yes,standard,none,no,,,unknown,unknown,no,Clean desk review,Approved,2025-06-09,"FDA approved Enflonsia (long-acting RSV mAb) 2025-06-09, ahead of resolve-by.",yes,2025-06-09,https://www.merck.com/news/u-s-fda-approves-mercks-enflonsia-clesrovimab-cfor-for-prevention-of-respiratory-syncytial-virus-rsv-lower-respiratory-tract-disease-in-infants/; https://www.cdc.gov/mmwr/volumes/74/wr/mm7432a3.htm,Fixed 105-mg dose; CLEVER Ph2b/3.
27386,fda-approves-gileads-lenacapavir-for-treating-hiv-human-immunodeficiency-virus,FDA approves Gilead’s lenacapavir for treating HIV?,FDA approves Gilead’s lenacapavir for treating HIV?,0x11039e885cdc6019a73715569da44dd3577debdaf54a7a85f107e345dd5cc97d,74791633337136725287146513478286073837277086591109537091868763217922592268760,100245270205360204116456694799691889005020264135408401386104160729238938332731,True,True,"[""Yes"", ""No""]",1.0,0.0,1.0,True,2025-06-17T19:14:28.530363Z,2025-06-19T00:00:00Z,2025-06-19T21:40:30Z,resolved,2350.317921,,,0.1445,,,0.001,0.999,1.0,,"This market will resolve to ""Yes"" if the U.S. Food and Drug Administration (FDA) grants full or conditional approval for Gilead Sciences’ new biologics license application (BLA) for lenacapavir as a treatment for Human Immunodeficiency Virus (HIV) by June 19, 2025, 11:59 PM ET. Otherwise, this market will resolve to ""No.""

This market will immediately resolve to ""No"" if the FDA issues a Complete Response Letter (CRL) or explicitly declines to approve the application.

Conditional approvals may include post-marketing requirements or commitments and still qualify.

The primary resolution source will be official information from the FDA, however a consensus of credible reporting may also be used.","drug,lenacapavir,science,tech",Gilead Sciences,lenacapavir (Yeztugo),"HIV-1 pre-exposure prophylaxis (PrEP), adults and adolescents >=35 kg",NDA,2025-06-19,yes,priority,Breakthrough,no,,,unknown,unknown,no,Clean desk review,Approved,2025-06-18,"FDA approved Yeztugo 2025-06-18, first twice-yearly injectable HIV PrEP, one day before resolve-by.",yes,2025-06-18,https://www.gilead.com/news/news-details/2025/yeztugo-lenacapavir-is-now-the-first-and-only-fda-approved-hiv-prevention-option-offering-6-months-of-protection,PURPOSE 1/2 Ph3; capsid inhibitor.
27387,fda-approves-regenerons-dupixent-for-bullous-pemphigoid,FDA approves Regeneron’s Dupixent for bullous pemphigoid?,FDA approves Regeneron’s Dupixent for bullous pemphigoid?,0x7a8c707fb249d07d578a30ec22f2532eda55b76784e1bf0e52d64802209e0f0a,37902457167646020963555508078364664470789926779920405813583006586167437354191,93600988969670469055293850776956701763464484153216450740444067950619095530716,True,True,"[""Yes"", ""No""]",1.0,0.0,1.0,True,2025-06-17T19:14:28.642678Z,2025-06-20T00:00:00Z,2025-06-20T21:32:00Z,resolved,1919.387324,,,0.0945,,,0.001,0.999,1.0,,"This market will resolve to ""Yes"" if the U.S. Food and Drug Administration (FDA) grants full or conditional approval for Regeneron Pharmaceuticals’ biologics license application (BLA) or supplemental BLA (sBLA) for Dupixent® (dupilumab) as a treatment for bullous pemphigoid by June 20, 2025, 11:59 PM ET. Otherwise, this market will resolve to ""No.""

This market will immediately resolve to ""No"" if the FDA issues a Complete Response Letter (CRL) or explicitly declines to approve the application.

Conditional approvals may include post-marketing requirements or commitments and still qualify.

The primary resolution source will be official information from the FDA, however a consensus of credible reporting may also be used.","drug,science,tech",Regeneron; Sanofi,Dupixent (dupilumab),Bullous pemphigoid in adults,sBLA,2025-06-20,yes,priority,Orphan,no,,,no,,no,Clean desk review,Approved,2025-06-20,FDA approved Dupixent as first targeted medicine for adults with bullous pemphigoid (ADEPT); 8th type-2 inflammation indication.,yes,2025-06-20,https://www.ajmc.com/view/fda-expands-dupilumab-approval-as-first-new-biologic-for-bullous-pemphigoid; https://www.drugs.com/news/fda-approves-dupixent-bullous-pemphigoid-125520.html,"Approved 2025-06-20, matching resolve-by. Priority review."
27388,fda-approves-unicycives-oxylanthanum-carbonate-olc,FDA approves Unicycive’s Oxylanthanum Carbonate (OLC)?,FDA approves Unicycive’s Oxylanthanum Carbonate (OLC)?,0x5131c98cc047dbac6e1ddff731a4a93eb324d6e53af50e0666cbb8577796b373,90140632606532291798028550064951179378171078197356535523151182406547898494537,91336239869542354376404227455553237934085467844968937714455351648668728669495,True,True,"[""Yes"", ""No""]",0.0,1.0,1.0,False,2025-06-17T19:14:31.301016Z,2025-06-28T00:00:00Z,2025-06-29T14:28:42Z,resolved,3380.469781,,,-0.075,-0.41,,0.15,,0.15,,"This market will resolve to ""Yes"" if the U.S. Food and Drug Administration (FDA) grants full or conditional approval for Unicycive Therapeutics’ new drug application (NDA) for Oxylanthanum Carbonate (OLC) as a treatment for hyperphosphatemia in patients with chronic kidney disease (CKD) by June 28, 2025, 11:59 PM ET. Otherwise, this market will resolve to ""No.""

This market will immediately resolve to ""No"" if the FDA issues a Complete Response Letter (CRL) or explicitly declines to approve the application.

Conditional approvals may include post-marketing requirements or commitments and still qualify.

The primary resolution source will be official information from the FDA, however a consensus of credible reporting may also be used.","drug,science,tech",Unicycive Therapeutics,Oxylanthanum carbonate (OLC),Hyperphosphatemia in CKD on dialysis,505(b)(2),2025-06-28,yes,standard,none,no,2025-06-30,CMC/manufacturing,yes,foreign,no,CMC/manufacturing refile,CRL,2025-06-30,FDA issued a CRL citing a single deficiency tied to a third-party manufacturing vendor's compliance status; no clinical/safety/nonclinical concerns.,pending,pending,https://www.hcplive.com/view/fda-issues-crl-oxylanthanum-carbonate-hyperphosphatemia-ckd-dialysis; https://ir.unicycive.com/news/detail/118/update---unicycive-therapeutics-announces-fda-acceptance-of,"CRL 2025-06-30 (this was the first FDA action, so prior_crl=no for THIS cycle). Sole deficiency = CMC/third-party vendor. Resubmitted Dec 2025; new PDUFA 2026-06-29 (see open refile market)."
34547,fda-approves-lenz-therapeutics-lnz100-for-presbyopia-by-august-31,FDA approves LENZ Therapeutics’ LNZ100 for presbyopia by August 31?,FDA approves LENZ Therapeutics’ LNZ100 for presbyopia by August 31?,0xd37923db43e10042a9b43cbba87485ecc09408b713bd52a1cd33305bd836c373,41193387401863684510473689608354395818640779163807004224493207514422228862984,61595128362696317276283304452609666748816686682740946530157967712825478530694,True,True,"[""Yes"", ""No""]",1.0,0.0,1.0,True,2025-07-29T15:26:42.929592Z,2025-08-08T16:00:00Z,2025-08-01T15:00:30Z,resolved,6612.910604,,,0.2085,,,0.001,0.999,1.0,,"This market will resolve to ""Yes"" if the U.S. Food and Drug Administration (FDA) grants full or conditional approval for LENZ Therapeutics’ LNZ100 as a treatment for presbyopia by August 31, 2025, 11:59 PM ET. Otherwise, this market will resolve to ""No.""

An approval is defined as:
For new drugs: FDA issuance of an approval letter for a New Drug Application (NDA) or Biologics License Application (BLA)
For already-marketed drugs seeking new indications: FDA approval of a supplemental NDA (sNDA) or supplemental BLA (sBLA) for the specific indication referenced
For generic drugs: FDA approval of an Abbreviated New Drug Application (ANDA)
For biosimilars: FDA approval of a 351(k) application

The following constitute qualifying approvals:
Standard approval (traditional approval based on clinical benefit), Accelerated approval (based on surrogate endpoints), Approval with Risk Evaluation and Mitigation Strategy (REMS), Approval with restricted distribution or indication limitations, except compassionate use/expanded access programs

The following do not constitute qualifying approvals:
Approvable letters that require additional actions before approval
Tentative approvals pending patent or exclusivity expiration
FDA requests for additional information or studies
Extension of Prescription Drug User Fee Amendments dates
Approval for compassionate use or expanded access programs only
Approval only for export or for use outside the United States
Emergency Use Authorization (EUA) without full approval
Complete Response Letters (CRLs) indicating the application cannot be approved in its current form

This market will immediately resolve to ""No"" if the FDA issues a Complete Response Letter (CRL) or explicitly declines to approve the application. If the drug sponsor withdraws the application before the end of the month, the market will resolve to ""No"" immediately.

If the listed drug is approved before the end of the month, the market will resolve to ""Yes,"" regardless of potential Advisory Committee votes against approval or later withdrawal of approval.

Conditional approvals may include post-marketing requirements or commitments and still qualify.

The primary resolution source will be official information from the FDA; however, a consensus of credible reporting will also be used.","drug,science,tech",LENZ Therapeutics,LNZ100 / VIZZ (aceclidine ophthalmic solution 1.44%),Presbyopia in adults,NDA,2025-08-08,yes,standard,none,no,,,unknown,unknown,no,Clean desk review,Approved,2025-07-31,FDA approved VIZZ (aceclidine 1.44%) for presbyopia ~1 week ahead of the Aug 8 PDUFA; first aceclidine-based eye drop.,yes,2025-07-31,https://ir.lenz-tx.com/news-events/press-releases/detail/39/lenz-therapeutics-announces-us-fda-approval-of-vizz-for-the-treatment-of-presbyopia; https://www.pharmacytimes.com/view/vizz-becomes-first-only-fda-approved-aceclidine-based-eye-drop-for-presbyopia,Clean first-cycle approval; CLARITY 1/2 met endpoints.
34548,fda-approves-pharmather-holdings-ketamine-by-august-31,FDA approves PharmaTher Holdings’ Ketamine?,FDA approves PharmaTher Holdings’ Ketamine?,0x0ed02c34f9d55d1500ff2ba8e205cb7f75dd48904d5efd3ea362b9510cc793c2,97406041229647566345606202639672101928689384218992306010706541144530593807267,63474464408802694572995609929671569171112818588381896190318206801959189204575,True,True,"[""Yes"", ""No""]",1.0,0.0,1.0,True,2025-07-29T15:26:43.50924Z,2025-08-09T16:00:00Z,2025-08-12T06:00:48Z,resolved,6505.462245,,,0.828,0.8045,,0.001,0.999,1.0,,"This market will resolve to ""Yes"" if the U.S. Food and Drug Administration (FDA) grants full or conditional approval for PharmaTher Holdings Ltd.’s Ketamine as a treatment for anesthesia, sedation, pain, mental health, or neurological indications by August 31, 2025, 11:59 PM ET. Otherwise, this market will resolve to ""No.""

An approval is defined as:
For new drugs: FDA issuance of an approval letter for a New Drug Application (NDA) or Biologics License Application (BLA)
For already-marketed drugs seeking new indications: FDA approval of a supplemental NDA (sNDA) or supplemental BLA (sBLA) for the specific indication referenced
For generic drugs: FDA approval of an Abbreviated New Drug Application (ANDA)
For biosimilars: FDA approval of a 351(k) application

The following constitute qualifying approvals:
Standard approval (traditional approval based on clinical benefit), Accelerated approval (based on surrogate endpoints), Approval with Risk Evaluation and Mitigation Strategy (REMS), Approval with restricted distribution or indication limitations, except compassionate use/expanded access programs

The following do not constitute qualifying approvals:
Approvable letters that require additional actions before approval
Tentative approvals pending patent or exclusivity expiration
FDA requests for additional information or studies
Extension of Prescription Drug User Fee Amendments dates
Approval for compassionate use or expanded access programs only
Approval only for export or for use outside the United States
Emergency Use Authorization (EUA) without full approval
Complete Response Letters (CRLs) indicating the application cannot be approved in its current form

This market will immediately resolve to ""No"" if the FDA issues a Complete Response Letter (CRL) or explicitly declines to approve the application. If the drug sponsor withdraws the application before the end of the month, the market will resolve to ""No"" immediately.

If the listed drug is approved before the end of the month, the market will resolve to ""Yes,"" regardless of potential Advisory Committee votes against approval or later withdrawal of approval.

Conditional approvals may include post-marketing requirements or commitments and still qualify.

The primary resolution source will be official information from the FDA; however, a consensus of credible reporting will also be used.","drug,science,tech",PharmaTher Holdings,"Ketamine (KETARx, racemic ketamine)",Anesthesia/sedation; surgical pain management (ketamine injection),ANDA,2025-08-08,yes,priority,none,yes,2024-10-22,CMC/manufacturing,yes,domestic,no,CMC/manufacturing refile,Approved,2025-08-08,"FDA approved KETARx (Priority ANDA, racemic ketamine) on 2025-08-08 (announced 08-11) on its third cycle, ahead of resolve-by.",yes,2025-08-08,https://www.globenewswire.com/news-release/2025/08/11/3130994/0/en/PharmaTher-Announces-FDA-Approval-of-Ketamine-KETARx.html; https://www.pharmather.com/news/pharmather-receives-complete-response-letter-from-the-us-food-and-drug-administration-for-ketamine-abbreviated-new-drug-application; https://www.alcami.com/news/pharmather-engages-alcami-for-clinical-and-commercial-manufacturing-of-novel-ketamine-products/,"CORRECTED: KETARx is an ANDA (generic racemic ketamine), NOT a 505(b)(2) — PharmaTher's filings call it a 'Priority Original ANDA' (GDUFA goal date 2024-10-29). Approved on its THIRD cycle after two CRLs (2024-04-18 and 2024-10-22); the 2024-10-22 CRL cited MINOR CMC deficiencies (drug substance, drug product, manufacturing, microbiology). crl_date = the later, decisive CRL. CDMO is Alcami Corp (Charleston, SC, USA) -> inspection_location domestic; CRL did not itself name the site."
34549,fda-approves-insmeds-brensocatib-for-bronchiectasis-by-august-31,FDA approves Insmed’s Brensocatib for bronchiectasis?,FDA approves Insmed’s Brensocatib for bronchiectasis?,0xcbfdb4244b408a9b37bfdfb1b1489ca1a4e7901ee21d178beccfc6de2a11698c,26113043283557318483122134496165485549290307169614775819960973654150293464539,87977984603609058684300417056970055498591987155559358910067368653985018440021,True,True,"[""Yes"", ""No""]",1.0,0.0,1.0,True,2025-07-29T15:26:42.300923Z,2025-08-12T16:00:00Z,2025-08-13T00:56:39Z,resolved,1921.188085,,,0.2295,0.3395,,0.001,0.999,1.0,,"This market will resolve to ""Yes"" if the U.S. Food and Drug Administration (FDA) grants full or conditional approval for Insmed Inc.’s brensocatib as a treatment for non‑cystic fibrosis bronchiectasis by August 31, 2025, 11:59 PM ET. Otherwise, this market will resolve to ""No.""

An approval is defined as:
For new drugs: FDA issuance of an approval letter for a New Drug Application (NDA) or Biologics License Application (BLA)
For already-marketed drugs seeking new indications: FDA approval of a supplemental NDA (sNDA) or supplemental BLA (sBLA) for the specific indication referenced
For generic drugs: FDA approval of an Abbreviated New Drug Application (ANDA)
For biosimilars: FDA approval of a 351(k) application

The following constitute qualifying approvals:
Standard approval (traditional approval based on clinical benefit), Accelerated approval (based on surrogate endpoints), Approval with Risk Evaluation and Mitigation Strategy (REMS), Approval with restricted distribution or indication limitations, except compassionate use/expanded access programs

The following do not constitute qualifying approvals:
Approvable letters that require additional actions before approval
Tentative approvals pending patent or exclusivity expiration
FDA requests for additional information or studies
Extension of Prescription Drug User Fee Amendments dates
Approval for compassionate use or expanded access programs only
Approval only for export or for use outside the United States
Emergency Use Authorization (EUA) without full approval
Complete Response Letters (CRLs) indicating the application cannot be approved in its current form

This market will immediately resolve to ""No"" if the FDA issues a Complete Response Letter (CRL) or explicitly declines to approve the application. If the drug sponsor withdraws the application before the end of the month, the market will resolve to ""No"" immediately.

If the listed drug is approved before the end of the month, the market will resolve to ""Yes,"" regardless of potential Advisory Committee votes against approval or later withdrawal of approval.

Conditional approvals may include post-marketing requirements or commitments and still qualify.

The primary resolution source will be official information from the FDA; however, a consensus of credible reporting will also be used.","drug,science,tech",Insmed,brensocatib (Brinsupri),"Non-cystic fibrosis bronchiectasis (NCFB), age 12+",NDA,2025-08-12,yes,priority,Breakthrough,no,,,unknown,unknown,no,Clean desk review,Approved,2025-08-12,"FDA approved Brinsupri, first treatment for non-CF bronchiectasis and first DPP1 inhibitor, on the 2025-08-12 PDUFA/resolve-by date.",yes,2025-08-12,"https://investor.insmed.com/2025-08-12-FDA-Approves-BRINSUPRI-TM-brensocatib-as-the-First-and-Only-Treatment-for-Non-Cystic-Fibrosis-Bronchiectasis,-a-Serious,-Chronic-Lung-Disease; https://www.fda.gov/drugs/drug-approvals-and-databases/drug-trials-snapshots-brinsupri",Breakthrough + Priority; Ph3 ASPEN (n>1700).
34550,fda-approves-tonix-pharmaceuticals-tnx-102-sl-for-fibromyalgia-by-august-31,FDA approves Tonix Pharmaceuticals’ TNX-102 SL for fibromyalgia?,FDA approves Tonix Pharmaceuticals’ TNX-102 SL for fibromyalgia?,0x200439a7855c3552f9bec7518f41d4849716d3b504fe83bd530323f967bcf301,81099528736644917415469844895895949507847030424039865673941868457711573185841,24322347146954326197145259777498689486965607685901566049716807979486100392351,True,True,"[""Yes"", ""No""]",1.0,0.0,1.0,True,2025-07-29T15:26:42.946114Z,2025-08-15T16:00:00Z,2025-08-16T06:49:40Z,resolved,916.45557,,,0.245,0.5,,0.01,0.99,1.0,,"This market will resolve to ""Yes"" if the U.S. Food and Drug Administration (FDA) grants full or conditional approval for Tonix Pharmaceuticals’ TNX-102 SL as a treatment for fibromyalgia by August 31, 2025, 11:59 PM ET. Otherwise, this market will resolve to ""No.""

An approval is defined as:
For new drugs: FDA issuance of an approval letter for a New Drug Application (NDA) or Biologics License Application (BLA)
For already-marketed drugs seeking new indications: FDA approval of a supplemental NDA (sNDA) or supplemental BLA (sBLA) for the specific indication referenced
For generic drugs: FDA approval of an Abbreviated New Drug Application (ANDA)
For biosimilars: FDA approval of a 351(k) application

The following constitute qualifying approvals:
Standard approval (traditional approval based on clinical benefit), Accelerated approval (based on surrogate endpoints), Approval with Risk Evaluation and Mitigation Strategy (REMS), Approval with restricted distribution or indication limitations, except compassionate use/expanded access programs

The following do not constitute qualifying approvals:
Approvable letters that require additional actions before approval
Tentative approvals pending patent or exclusivity expiration
FDA requests for additional information or studies
Extension of Prescription Drug User Fee Amendments dates
Approval for compassionate use or expanded access programs only
Approval only for export or for use outside the United States
Emergency Use Authorization (EUA) without full approval
Complete Response Letters (CRLs) indicating the application cannot be approved in its current form

This market will immediately resolve to ""No"" if the FDA issues a Complete Response Letter (CRL) or explicitly declines to approve the application. If the drug sponsor withdraws the application before the end of the month, the market will resolve to ""No"" immediately.

If the listed drug is approved before the end of the month, the market will resolve to ""Yes,"" regardless of potential Advisory Committee votes against approval or later withdrawal of approval.

Conditional approvals may include post-marketing requirements or commitments and still qualify.

The primary resolution source will be official information from the FDA; however, a consensus of credible reporting will also be used.","drug,science,tech",Tonix Pharmaceuticals,"TNX-102 SL (cyclobenzaprine HCl sublingual, Tonmya)",Fibromyalgia in adults,NDA,2025-08-15,yes,standard,Fast Track,no,,,unknown,unknown,no,Clean desk review,Approved,2025-08-15,"FDA approved Tonmya for fibromyalgia 2025-08-15, first new fibromyalgia therapy in 15+ years.",yes,2025-08-15,https://www.globenewswire.com/news-release/2025/08/15/3134450/28908/en/Tonix-Pharmaceuticals-Announces-FDA-Approval-of-Tonmya-cyclobenzaprine-HCl-sublingual-tablets-for-the-Treatment-of-Fibromyalgia.html; https://www.drugs.com/history/tonmya.html,No prior CRL for the fibromyalgia program (earlier RALLY Ph3 failed at interim but a second pivotal RESILIENT succeeded; first-cycle approval). Fast Track.
34570,fda-approves-ux111,FDA approves UX111?,FDA approves UX111?,0x032963ccc792728f2bba86bfd6dc5e4298088e5e3b7b2e71f3d41061d1536147,13783670567537722742033458543913413354181983476910968934688207822905305695062,9366371954563428207522237010786169178466714475606664979483578141765192277870,True,True,"[""Yes"", ""No""]",0.0,1.0,0.001,False,2025-07-29T15:41:19.648087Z,2025-08-18T16:00:00Z,2025-09-01T06:24:46Z,resolved,41440.025059,0.0,,0.0005,-0.0025,-0.0225,0.007,,0.007,,"This market will resolve to ""Yes"" if the U.S. Food and Drug Administration (FDA) grants full or conditional approval for Ultragenyx Pharmaceutical Inc.'s and Abeona Therapeutics' UX111 (also known as ABO-102), an AAV gene therapy for the treatment of Sanfilippo syndrome type A (MPS IIIA), by August 31, 2025, 11:59 PM ET. Otherwise, this market will resolve to ""No.""

An approval is defined as:
For new drugs: FDA issuance of an approval letter for a New Drug Application (NDA) or Biologics License Application (BLA)
For already-marketed drugs seeking new indications: FDA approval of a supplemental NDA (sNDA) or supplemental BLA (sBLA) for the specific indication referenced
For generic drugs: FDA approval of an Abbreviated New Drug Application (ANDA)
For biosimilars: FDA approval of a 351(k) application

The following constitute qualifying approvals:
Standard approval (traditional approval based on clinical benefit), Accelerated approval (based on surrogate endpoints), Approval with Risk Evaluation and Mitigation Strategy (REMS), Approval with restricted distribution or indication limitations, except compassionate use/expanded access programs

The following do not constitute qualifying approvals:
Approvable letters that require additional actions before approval
Tentative approvals pending patent or exclusivity expiration
FDA requests for additional information or studies
Extension of Prescription Drug User Fee Amendments dates
Approval for compassionate use or expanded access programs only
Approval only for export or for use outside the United States
Emergency Use Authorization (EUA) without full approval
Complete Response Letters (CRLs) indicating the application cannot be approved in its current form

This market will immediately resolve to ""No"" if the FDA issues a Complete Response Letter (CRL) or explicitly declines to approve the application. If the drug sponsor withdraws the application before the end of the month, the market will resolve to ""No"" immediately.

If the listed drug is approved before the end of the month, the market will resolve to ""Yes,"" regardless of potential Advisory Committee votes against approval or later withdrawal of approval. 

Conditional approvals may include post-marketing requirements or commitments and still qualify.

The primary resolution source will be official information from the FDA; however, a consensus of credible reporting will also be used.","drug,science,tech",Ultragenyx Pharmaceutical,"UX111 (ABO-102, AAV9 gene therapy)",Sanfilippo syndrome type A (MPS IIIA),BLA,2025-08-18,yes,priority,Breakthrough;Fast Track;Orphan;RMAT;Priority Review Voucher,no,2025-07-11,CMC/manufacturing,yes,domestic,no,CMC/manufacturing refile,CRL,2025-07-11,FDA issued a CRL 2025-07-11 citing CMC observations and manufacturing-facility inspection findings; clinical/biomarker data deemed robust.,pending,pending,https://ir.ultragenyx.com/news-releases/news-release-details/ultragenyx-receives-complete-response-letter-fda-ux111-aav-gene; https://www.globenewswire.com/news-release/2025/07/11/3114278/20739/en/Ultragenyx-Receives-Complete-Response-Letter-from-FDA-for-UX111-AAV-Gene-Therapy-to-Treat-Sanfilippo-Syndrome-Type-A-MPS-IIIA.html,"CRL 2025-07-11 (before Aug 18 PDUFA), purely CMC/manufacturing; robust clinical data. Resubmitted Jan 2026; new PDUFA 2026-09-19. Manufacturing is US-only (Ultragenyx, Bedford MA + Andelyn Biosciences, Columbus OH) -> inspection_location domestic; CRL did not publicly single out which site held the observations."
34571,fda-approves-dordaviprone,FDA approves Dordaviprone?,FDA approves Dordaviprone?,0xa0d5b03a433c5f7928ba7f10d7a1f6a37852e4b5b841b8d7ba58980d9e64142d,76628419154947670081036820659796925735587332776513135303430316833969427000162,73379400047247392373901855763534279776008913837962621878817655780902532971045,True,True,"[""Yes"", ""No""]",1.0,0.0,1.0,True,2025-07-29T15:41:19.649678Z,2025-08-18T16:00:00Z,2025-08-07T06:14:51Z,resolved,14181.464474,,,0.2795,0.295,,0.006,0.993,0.999,,"This market will resolve to ""Yes"" if the U.S. Food and Drug Administration (FDA) grants full or conditional approval for Chimerix, Inc.'s and Jazz Pharmaceuticals' Dordaviprone as a treatment for recurrent H3 K27M-mutant diffuse glioma by August 31, 2025, 11:59 PM ET. Otherwise, this market will resolve to ""No.""

An approval is defined as:
For new drugs: FDA issuance of an approval letter for a New Drug Application (NDA) or Biologics License Application (BLA)
For already-marketed drugs seeking new indications: FDA approval of a supplemental NDA (sNDA) or supplemental BLA (sBLA) for the specific indication referenced
For generic drugs: FDA approval of an Abbreviated New Drug Application (ANDA)
For biosimilars: FDA approval of a 351(k) application

The following constitute qualifying approvals:
Standard approval (traditional approval based on clinical benefit), Accelerated approval (based on surrogate endpoints), Approval with Risk Evaluation and Mitigation Strategy (REMS), Approval with restricted distribution or indication limitations, except compassionate use/expanded access programs

The following do not constitute qualifying approvals:
Approvable letters that require additional actions before approval
Tentative approvals pending patent or exclusivity expiration
FDA requests for additional information or studies
Extension of Prescription Drug User Fee Amendments dates
Approval for compassionate use or expanded access programs only
Approval only for export or for use outside the United States
Emergency Use Authorization (EUA) without full approval
Complete Response Letters (CRLs) indicating the application cannot be approved in its current form

This market will immediately resolve to ""No"" if the FDA issues a Complete Response Letter (CRL) or explicitly declines to approve the application. If the drug sponsor withdraws the application before the end of the month, the market will resolve to ""No"" immediately.

If the listed drug is approved before the end of the month, the market will resolve to ""Yes,"" regardless of potential Advisory Committee votes against approval or later withdrawal of approval. 

Conditional approvals may include post-marketing requirements or commitments and still qualify.

The primary resolution source will be official information from the FDA; however, a consensus of credible reporting will also be used.","drug,science,tech",Chimerix (acquired by Jazz Pharmaceuticals Apr 2025),"Dordaviprone (Modeyso, ONC201)",Recurrent H3 K27M-mutant diffuse midline glioma,NDA,2025-08-18,yes,priority,Breakthrough;Fast Track;Orphan;Priority Review Voucher;Accelerated Approval,no,,,unknown,unknown,no,Clean desk review,Approved,2025-08-06,"FDA granted accelerated approval 2025-08-06, ahead of the Aug 18 PDUFA; first systemic therapy for H3 K27M-mutant diffuse midline glioma.",yes,2025-08-06,https://www.fda.gov/drugs/resources-information-approved-drugs/fda-grants-accelerated-approval-dordaviprone-diffuse-midline-glioma; https://investor.jazzpharma.com/news-releases/news-release-details/jazz-pharmaceuticals-announces-us-fda-approval-modeysotm,Accelerated approval ~12 days early. Rare Pediatric Disease PRV requested.
34568,fda-approves-eylea-hd-by-august-31,FDA approves EYLEA HD?,FDA approves EYLEA HD?,0xd8bf33618342b8f97ef2db07fad4c1facb0934ab60d21f5b5e5a1d382b8269a7,36243485577433892299108653292834249568919233893071779667482687612229838739273,27754487970411878834344315616304366094263896584748903766271808951117586529208,True,True,"[""Yes"", ""No""]",0.0,1.0,1.0,False,2025-07-29T15:41:19.646367Z,2025-08-19T16:00:00Z,2025-09-01T06:29:50Z,resolved,5929.525505,,,0.024,0.0235,-0.7215,0.01,,0.01,,"This market will resolve to ""Yes"" if the U.S. Food and Drug Administration (FDA) grants full or conditional approval for Regeneron Pharmaceuticals' and Bayer AG's EYLEA HD (aflibercept 8 mg) as a treatment for macular edema following retinal vein occlusion and to expand the dosing schedule to include every 4-week dosing across approved indications by August 31, 2025, 11:59 PM ET. Otherwise, this market will resolve to ""No.""

An approval is defined as:
For new drugs: FDA issuance of an approval letter for a New Drug Application (NDA) or Biologics License Application (BLA)
For already-marketed drugs seeking new indications: FDA approval of a supplemental NDA (sNDA) or supplemental BLA (sBLA) for the specific indication referenced
For generic drugs: FDA approval of an Abbreviated New Drug Application (ANDA)
For biosimilars: FDA approval of a 351(k) application

The following constitute qualifying approvals:
Standard approval (traditional approval based on clinical benefit), Accelerated approval (based on surrogate endpoints), Approval with Risk Evaluation and Mitigation Strategy (REMS), Approval with restricted distribution or indication limitations, except compassionate use/expanded access programs

The following do not constitute qualifying approvals:
Approvable letters that require additional actions before approval
Tentative approvals pending patent or exclusivity expiration
FDA requests for additional information or studies
Extension of Prescription Drug User Fee Amendments dates
Approval for compassionate use or expanded access programs only
Approval only for export or for use outside the United States
Emergency Use Authorization (EUA) without full approval
Complete Response Letters (CRLs) indicating the application cannot be approved in its current form

This market will immediately resolve to ""No"" if the FDA issues a Complete Response Letter (CRL) or explicitly declines to approve the application. If the drug sponsor withdraws the application before the end of the month, the market will resolve to ""No"" immediately.

If the listed drug is approved before the end of the month, the market will resolve to ""Yes,"" regardless of potential Advisory Committee votes against approval or later withdrawal of approval. 

Conditional approvals may include post-marketing requirements or commitments and still qualify.

The primary resolution source will be official information from the FDA; however, a consensus of credible reporting will also be used.","drug,science,tech",Regeneron,EYLEA HD (aflibercept) Injection 8 mg,Macular edema after RVO + monthly dosing (expanded label sBLA),sBLA,2025-11-19,no,priority,none,no,,,yes,domestic,no,CMC/manufacturing refile,Delay,2025-08-20,Resolved No via DELAY: on 2025-08-20 FDA extended review to Q4 2025 (major amendment from third-party filler inspection at Catalent Indiana/Novo Nordisk Bloomington); approved later 2025-11-19.,yes,2025-11-19,https://www.globenewswire.com/news-release/2025/08/20/3136582/0/en/EYLEA-HD-aflibercept-Injection-8-mg-Applications-for-Expanded-U-S-Label-and-Prefilled-Syringe-Receive-FDA-Review-Period-Extension.html; https://newsroom.regeneron.com/news-releases/news-release-details/eylea-hdr-aflibercept-injection-8-mg-approved-fda-treatment,Delay (not CRL) on expanded-label sBLA due to domestic third-party filler inspection. Approved 2025-11-19. A separate prefilled-syringe sBLA got a CRL 2025-10-27 (different submission).
34552,fda-approves-ptc-therapeutics-vatiquinone-for-friedreichs-ataxia-by-august-31,FDA approves PTC Therapeutics’ Vatiquinone for Friedreich’s ataxia?,FDA approves PTC Therapeutics’ Vatiquinone for Friedreich’s ataxia?,0x1f485f50d24f005c81a8559571e42849c0cb67ad3d0d1d29e0b572b833645d74,4939687102038669128401154328007008576855061929314380881101431256952634902692,89443927207074596437328157448549305585954048204498035505961547052723454298911,True,True,"[""Yes"", ""No""]",0.0,1.0,1.0,False,2025-07-29T15:26:44.732771Z,2025-08-19T16:00:00Z,2025-08-19T21:40:33Z,resolved,2273.413531,,,-0.33,-0.525,,0.005,0.001,0.006,,"This market will resolve to ""Yes"" if the U.S. Food and Drug Administration (FDA) grants full or conditional approval for PTC Therapeutics’ Vatiquinone as a treatment for Friedreich’s ataxia by August 31, 2025, 11:59 PM ET. Otherwise, this market will resolve to ""No.""

An approval is defined as:
For new drugs: FDA issuance of an approval letter for a New Drug Application (NDA) or Biologics License Application (BLA)
For already-marketed drugs seeking new indications: FDA approval of a supplemental NDA (sNDA) or supplemental BLA (sBLA) for the specific indication referenced
For generic drugs: FDA approval of an Abbreviated New Drug Application (ANDA)
For biosimilars: FDA approval of a 351(k) application

The following constitute qualifying approvals:
Standard approval (traditional approval based on clinical benefit), Accelerated approval (based on surrogate endpoints), Approval with Risk Evaluation and Mitigation Strategy (REMS), Approval with restricted distribution or indication limitations, except compassionate use/expanded access programs

The following do not constitute qualifying approvals:
Approvable letters that require additional actions before approval
Tentative approvals pending patent or exclusivity expiration
FDA requests for additional information or studies
Extension of Prescription Drug User Fee Amendments dates
Approval for compassionate use or expanded access programs only
Approval only for export or for use outside the United States
Emergency Use Authorization (EUA) without full approval
Complete Response Letters (CRLs) indicating the application cannot be approved in its current form

This market will immediately resolve to ""No"" if the FDA issues a Complete Response Letter (CRL) or explicitly declines to approve the application. If the drug sponsor withdraws the application before the end of the month, the market will resolve to ""No"" immediately.

If the listed drug is approved before the end of the month, the market will resolve to ""Yes,"" regardless of potential Advisory Committee votes against approval or later withdrawal of approval.

Conditional approvals may include post-marketing requirements or commitments and still qualify.

The primary resolution source will be official information from the FDA; however, a consensus of credible reporting will also be used.","drug,science,tech",PTC Therapeutics,Vatiquinone,Friedreich's ataxia,NDA,2025-08-19,no,standard,Orphan;Fast Track,no,2025-08-19,clinical/efficacy,unknown,unknown,no,Clinical/efficacy,CRL,2025-08-19,FDA issued a CRL 2025-08-19 stating substantial evidence of efficacy not demonstrated; additional well-controlled study needed.,pending,pending,https://ir.ptcbio.com/news-releases/news-release-details/ptc-therapeutics-receives-complete-response-letter-vatiquinone; https://www.prnewswire.com/news-releases/ptc-therapeutics-receives-complete-response-letter-for-vatiquinone-nda-302533332.html,Pure efficacy CRL (MOVE-FA missed primary endpoint). CRL date = the PDUFA action date. (prior_crl flags THIS cycle's CRL.)
34567,fda-approves-donidalorsen-for-hereditary-angioedema-by-august-31,FDA approves Donidalorsen?,FDA approves Donidalorsen?,0xa373233812d090d89ee33b933494da4fd6fdec3f28562c121ce9440d76cd8e1b,71178065307270989742843383709085402564544241738278127198369811882431424691379,91897514782738644904309745482243199641940757159688326391426149958521194533100,True,True,"[""Yes"", ""No""]",1.0,0.0,1.0,True,2025-07-29T15:41:19.644945Z,2025-08-21T16:00:00Z,2025-08-21T18:16:57Z,resolved,3507.989942,,,-0.015,0.045,,0.001,0.999,1.0,,"This market will resolve to ""Yes"" if the U.S. Food and Drug Administration (FDA) grants full or conditional approval for Ionis Pharmaceuticals' and Theratechnologies Inc.'s Donidalorsen as a prophylactic treatment to prevent attacks of hereditary angioedema in adult and pediatric patients 12 years of age and older by August 31, 2025, 11:59 PM ET. Otherwise, this market will resolve to ""No.""

An approval is defined as:
For new drugs: FDA issuance of an approval letter for a New Drug Application (NDA) or Biologics License Application (BLA)
For already-marketed drugs seeking new indications: FDA approval of a supplemental NDA (sNDA) or supplemental BLA (sBLA) for the specific indication referenced
For generic drugs: FDA approval of an Abbreviated New Drug Application (ANDA)
For biosimilars: FDA approval of a 351(k) application

The following constitute qualifying approvals:
Standard approval (traditional approval based on clinical benefit), Accelerated approval (based on surrogate endpoints), Approval with Risk Evaluation and Mitigation Strategy (REMS), Approval with restricted distribution or indication limitations, except compassionate use/expanded access programs

The following do not constitute qualifying approvals:
Approvable letters that require additional actions before approval
Tentative approvals pending patent or exclusivity expiration
FDA requests for additional information or studies
Extension of Prescription Drug User Fee Amendments dates
Approval for compassionate use or expanded access programs only
Approval only for export or for use outside the United States
Emergency Use Authorization (EUA) without full approval
Complete Response Letters (CRLs) indicating the application cannot be approved in its current form

This market will immediately resolve to ""No"" if the FDA issues a Complete Response Letter (CRL) or explicitly declines to approve the application. If the drug sponsor withdraws the application before the end of the month, the market will resolve to ""No"" immediately.

If the listed drug is approved before the end of the month, the market will resolve to ""Yes,"" regardless of potential Advisory Committee votes against approval or later withdrawal of approval.

Conditional approvals may include post-marketing requirements or commitments and still qualify.

The primary resolution source will be official information from the FDA; however, a consensus of credible reporting will also be used.","drug,science,tech",Ionis Pharmaceuticals,donidalorsen (Dawnzera),"Prophylaxis of hereditary angioedema (HAE) attacks, age 12+",NDA,2025-08-21,yes,standard,none,no,,,unknown,unknown,no,Clean desk review,Approved,2025-08-21,"FDA approved Dawnzera, first RNA-targeted prophylactic HAE therapy, on the 2025-08-21 PDUFA/resolve-by date.",yes,2025-08-21,https://ir.ionis.com/news-releases/news-release-details/dawnzeratm-donidalorsen-approved-us-first-and-only-rna-targeted; https://www.biopharmadive.com/news/ionis-donidalorsen-dawnzera-hereditary-angioedema-approval-fda/758195/,Antisense targeting prekallikrein; OASIS-HAE.
34554,fda-approves-telix-pharmaceuticals-tlx250-cdx-for-kidney-cancer-imaging-by-august-31,FDA approves Telix Pharmaceuticals’ TLX250-CDx for kidney cancer imaging?,FDA approves Telix Pharmaceuticals’ TLX250-CDx for kidney cancer imaging?,0xc1f2b6c96319e7b8a45d1c01d94dbb194d522494c70b29f94c465f96929955dc,31133474803023318034433204158301355071457962043890831522038862081957753230567,35596110373041774759339288701973462554879656879356385426451066282963753816748,True,True,"[""Yes"", ""No""]",0.0,1.0,1.0,False,2025-07-29T15:26:43.524662Z,2025-08-27T16:00:00Z,2025-08-28T17:26:27Z,resolved,2763.495855,,,-0.81,-0.755,-0.81,0.01,,0.01,,"This market will resolve to ""Yes"" if the U.S. Food and Drug Administration (FDA) grants full or conditional approval for Telix Pharmaceuticals’ TLX250-CDx as a PET imaging agent for kidney cancer by August 31, 2025, 11:59 PM ET. Otherwise, this market will resolve to ""No.""

An approval is defined as:
For new drugs: FDA issuance of an approval letter for a New Drug Application (NDA) or Biologics License Application (BLA)
For already-marketed drugs seeking new indications: FDA approval of a supplemental NDA (sNDA) or supplemental BLA (sBLA) for the specific indication referenced
For generic drugs: FDA approval of an Abbreviated New Drug Application (ANDA)
For biosimilars: FDA approval of a 351(k) application

The following constitute qualifying approvals:
Standard approval (traditional approval based on clinical benefit), Accelerated approval (based on surrogate endpoints), Approval with Risk Evaluation and Mitigation Strategy (REMS), Approval with restricted distribution or indication limitations, except compassionate use/expanded access programs

The following do not constitute qualifying approvals:
Approvable letters that require additional actions before approval
Tentative approvals pending patent or exclusivity expiration
FDA requests for additional information or studies
Extension of Prescription Drug User Fee Amendments dates
Approval for compassionate use or expanded access programs only
Approval only for export or for use outside the United States
Emergency Use Authorization (EUA) without full approval
Complete Response Letters (CRLs) indicating the application cannot be approved in its current form

This market will immediately resolve to ""No"" if the FDA issues a Complete Response Letter (CRL) or explicitly declines to approve the application. If the drug sponsor withdraws the application before the end of the month, the market will resolve to ""No"" immediately.

If the listed drug is approved before the end of the month, the market will resolve to ""Yes,"" regardless of potential Advisory Committee votes against approval or later withdrawal of approval.

Conditional approvals may include post-marketing requirements or commitments and still qualify.

The primary resolution source will be official information from the FDA; however, a consensus of credible reporting will also be used.","drug,science,tech",Telix Pharmaceuticals,"TLX250-CDx (Zircaix, 89Zr-DFO-girentuximab)",PET imaging of clear cell renal cell carcinoma,BLA,2025-08-27,yes,priority,none,yes,2024-11,CMC/manufacturing,yes,foreign,no,CMC/manufacturing refile,CRL,2025-08-28,FDA issued a CRL citing CMC deficiencies (comparability of Ph3 vs commercial-scale product; Form 483 observations at two third-party partners).,pending,pending,https://www.sec.gov/Archives/edgar/data/0002007191/000200719125000065/zircprcrl.htm; https://www.urologytimes.com/view/fda-issues-complete-response-letter-for-89zr-dfo-girentuximab-in-ccrcc,"CRL 2025-08-28, purely CMC. Priority review granted (designations set conservatively to none). First FDA action (prior_crl=no for this cycle). CORRECTED: the 2025-08-28 CRL was the SECOND CMC CRL; the first CRL issued ~Nov 2024 on the original Jun 2024 BLA, resubmitted Dec 2024 -> this is a refile (prior_crl=yes). Both cycles CMC. crl_date is the first (prior) CRL, approximate to month."
34555,fda-approves-precigens-prgn-2012-for-recurrent-respiratory-papillomatosis-by-august-31,FDA approves Precigen’s PRGN-2012 for recurrent respiratory papillomatosis?,FDA approves Precigen’s PRGN-2012 for recurrent respiratory papillomatosis?,0x39d843c0baa397863ef665f11c1ef3a36a78d17fee2ac6d8b750910d649a61fc,83585961018070944667069632146073634423958032165106614485948298639870203105115,113071763147473830185660589625807123881446932484990692529104154804581046864565,True,True,"[""Yes"", ""No""]",1.0,0.0,1.0,True,2025-07-29T15:26:44.835713Z,2025-08-27T16:00:00Z,2025-08-15T18:08:52Z,resolved,14765.616324,,,0.05,-0.01,,0.008,0.992,1.0,,"This market will resolve to ""Yes"" if the U.S. Food and Drug Administration (FDA) grants full or conditional approval for Precigen’s PRGN-2012 as a treatment for recurrent respiratory papillomatosis in adults by August 31, 2025, 11:59 PM ET. Otherwise, this market will resolve to ""No.""

An approval is defined as:
For new drugs: FDA issuance of an approval letter for a New Drug Application (NDA) or Biologics License Application (BLA)
For already-marketed drugs seeking new indications: FDA approval of a supplemental NDA (sNDA) or supplemental BLA (sBLA) for the specific indication referenced
For generic drugs: FDA approval of an Abbreviated New Drug Application (ANDA)
For biosimilars: FDA approval of a 351(k) application

The following constitute qualifying approvals:
Standard approval (traditional approval based on clinical benefit), Accelerated approval (based on surrogate endpoints), Approval with Risk Evaluation and Mitigation Strategy (REMS), Approval with restricted distribution or indication limitations, except compassionate use/expanded access programs

The following do not constitute qualifying approvals:
Approvable letters that require additional actions before approval
Tentative approvals pending patent or exclusivity expiration
FDA requests for additional information or studies
Extension of Prescription Drug User Fee Amendments dates
Approval for compassionate use or expanded access programs only
Approval only for export or for use outside the United States
Emergency Use Authorization (EUA) without full approval
Complete Response Letters (CRLs) indicating the application cannot be approved in its current form

This market will immediately resolve to ""No"" if the FDA issues a Complete Response Letter (CRL) or explicitly declines to approve the application. If the drug sponsor withdraws the application before the end of the month, the market will resolve to ""No"" immediately.

If the listed drug is approved before the end of the month, the market will resolve to ""Yes,"" regardless of potential Advisory Committee votes against approval or later withdrawal of approval.

Conditional approvals may include post-marketing requirements or commitments and still qualify.

The primary resolution source will be official information from the FDA; however, a consensus of credible reporting will also be used.","drug,science,tech",Precigen,PRGN-2012 / Papzimeos (zopapogene imadenovec-drba),Recurrent respiratory papillomatosis (adults),BLA,2025-08-27,yes,priority,Breakthrough;Orphan;Accelerated Approval;Priority Review Voucher,no,,,unknown,unknown,no,Clean desk review,Approved,2025-08-14,"FDA granted full approval mid-Aug 2025, ahead of Aug 27 PDUFA; first immunotherapy for adult RRP.",yes,2025-08-14,https://www.fda.gov/news-events/press-announcements/fda-approves-first-immunotherapy-recurrent-respiratory-papillomatosis; https://investors.precigen.com/news-releases/news-release-details/precigen-announces-full-fda-approval-papzimeos-zopapogene,Full (not accelerated) approval ahead of PDUFA; outcome_date approximate (mid-Aug 2025).
34566,fda-approves-filspari-rems-modification-for-igan-by-august-31,FDA approves FILSPARI REMS modification?,FDA approves FILSPARI REMS modification?,0x7b26a6047d97070281e8f5dd0c1b5773ee7a250bd60e73771547f8ffab68714c,5152369552193106641575216183420075988645807434082598314532961443192755471425,106909330473033853807202925445630459309740220342743218615229125523571950674365,True,True,"[""Yes"", ""No""]",1.0,0.0,1.0,True,2025-07-29T15:41:19.59811Z,2025-08-28T16:00:00Z,2025-08-29T01:33:01Z,resolved,1365.819577,,,0.495,0.35,0.35,0.01,0.99,1.0,,"This market will resolve to ""Yes"" if the U.S. Food and Drug Administration (FDA) grants full or conditional approval for Travere Therapeutics' and Ligand Pharmaceuticals' FILSPARI, requesting modification of the liver monitoring REMS requirement as a treatment for IgA nephropathy (IgAN) by August 31, 2025, 11:59 PM ET. Otherwise, this market will resolve to ""No.""

An approval is defined as:
For new drugs: FDA issuance of an approval letter for a New Drug Application (NDA) or Biologics License Application (BLA)
For already-marketed drugs seeking new indications: FDA approval of a supplemental NDA (sNDA) or supplemental BLA (sBLA) for the specific indication referenced
For generic drugs: FDA approval of an Abbreviated New Drug Application (ANDA)
For biosimilars: FDA approval of a 351(k) application

The following constitute qualifying approvals:
Standard approval (traditional approval based on clinical benefit), Accelerated approval (based on surrogate endpoints), Approval with Risk Evaluation and Mitigation Strategy (REMS), Approval with restricted distribution or indication limitations, except compassionate use/expanded access programs

The following do not constitute qualifying approvals:
Approvable letters that require additional actions before approval
Tentative approvals pending patent or exclusivity expiration
FDA requests for additional information or studies
Extension of Prescription Drug User Fee Amendments dates
Approval for compassionate use or expanded access programs only
Approval only for export or for use outside the United States
Emergency Use Authorization (EUA) without full approval
Complete Response Letters (CRLs) indicating the application cannot be approved in its current form

This market will immediately resolve to ""No"" if the FDA issues a Complete Response Letter (CRL) or explicitly declines to approve the application. If the drug sponsor withdraws the application before the end of the month, the market will resolve to ""No"" immediately.

If the listed drug is approved before the end of the month, the market will resolve to ""Yes,"" regardless of potential Advisory Committee votes against approval or later withdrawal of approval. 

Conditional approvals may include post-marketing requirements or commitments and still qualify.

The primary resolution source will be official information from the FDA; however, a consensus of credible reporting will also be used.","drug,science,tech",Travere Therapeutics,FILSPARI (sparsentan),IgA nephropathy (REMS/label modification),sNDA,2025-08-28,no,standard,Orphan,no,,,no,,no,Clean desk review,Approved,2025-08-27,"FDA approved a REMS/label modification (reduced LFT monitoring; removed embryo-fetal monitoring), ahead of the Aug 28 resolve-by.",yes,2025-08-27,https://ir.travere.com/press-releases/news-details/2025/Travere-Therapeutics-Announces-U-S--FDA-Approves-REMS-Modification-for-FILSPARI-sparsentan-in-IgA-Nephropathy/default.aspx; https://www.hcplive.com/view/fda-approves-rems-label-update-for-sparsentan-filspari-in-iga-nephropathy,REMS/labeling supplement to already-approved drug (not a new molecule). Clean supplement.
34558,fda-approves-sanofis-rilzabrutinib-for-immune-thrombocytopenia-by-august-31,FDA approves Sanofi’s Rilzabrutinib for immune thrombocytopenia?,FDA approves Sanofi’s Rilzabrutinib for immune thrombocytopenia?,0x5c6f49bbe93a7f2ca9aacd817a70ed39c7922f3f4e3f811dbd7d09101bb9a8e1,86004379767740111850094216304146907339776946612989113918655830339256820823576,94617087183983285791087918970453814166115494731721421476686068284390729399596,True,True,"[""Yes"", ""No""]",1.0,0.0,1.0,True,2025-07-29T15:26:44.832843Z,2025-08-29T16:00:00Z,2025-08-30T01:42:47Z,resolved,2610.411073,,,0.265,0.06,0.315,0.01,0.99,1.0,,"This market will resolve to ""Yes"" if the U.S. Food and Drug Administration (FDA) grants full or conditional approval for Sanofi’s Rilzabrutinib as a treatment for immune thrombocytopenia by August 31, 2025, 11:59 PM ET. Otherwise, this market will resolve to ""No.""

An approval is defined as:
For new drugs: FDA issuance of an approval letter for a New Drug Application (NDA) or Biologics License Application (BLA)
For already-marketed drugs seeking new indications: FDA approval of a supplemental NDA (sNDA) or supplemental BLA (sBLA) for the specific indication referenced
For generic drugs: FDA approval of an Abbreviated New Drug Application (ANDA)
For biosimilars: FDA approval of a 351(k) application

The following constitute qualifying approvals:
Standard approval (traditional approval based on clinical benefit), Accelerated approval (based on surrogate endpoints), Approval with Risk Evaluation and Mitigation Strategy (REMS), Approval with restricted distribution or indication limitations, except compassionate use/expanded access programs

The following do not constitute qualifying approvals:
Approvable letters that require additional actions before approval
Tentative approvals pending patent or exclusivity expiration
FDA requests for additional information or studies
Extension of Prescription Drug User Fee Amendments dates
Approval for compassionate use or expanded access programs only
Approval only for export or for use outside the United States
Emergency Use Authorization (EUA) without full approval
Complete Response Letters (CRLs) indicating the application cannot be approved in its current form

This market will immediately resolve to ""No"" if the FDA issues a Complete Response Letter (CRL) or explicitly declines to approve the application. If the drug sponsor withdraws the application before the end of the month, the market will resolve to ""No"" immediately.

If the listed drug is approved before the end of the month, the market will resolve to ""Yes,"" regardless of potential Advisory Committee votes against approval or later withdrawal of approval.

Conditional approvals may include post-marketing requirements or commitments and still qualify.

The primary resolution source will be official information from the FDA; however, a consensus of credible reporting will also be used.","drug,science,tech",Sanofi,Wayrilz (rilzabrutinib),Persistent or chronic immune thrombocytopenia (ITP) in adults,NDA,2025-08-29,yes,priority,Fast Track;Orphan,no,,,unknown,unknown,no,Clean desk review,Approved,2025-08-29,FDA approved Wayrilz as first BTK inhibitor for ITP (LUNA 3).,yes,2025-08-29,https://www.sanofi.com/en/media-room/press-releases/2025/2025-08-29-21-50-18-3141825; https://www.drugs.com/newdrugs/fda-approves-wayrilz-rilzabrutinib-immune-thrombocytopenia-6602.html,Approved 2025-08-29. Fast Track + Orphan; priority review.
34557,fda-approves-outlook-therapeutics-ons-5010-for-wet-amd-by-august-31,FDA approves Outlook Therapeutics’ ONS-5010 for wet AMD?,FDA approves Outlook Therapeutics’ ONS-5010 for wet AMD?,0xa0937f3fb51c74b7141bce47340d40f94e1c8bb2dc33795276191033f3c49a4f,34460383721458706443712863277023168515226053646385847243385497285199124314294,39938395706456427138813383323737823260691591367671876231643968579964540454020,True,True,"[""Yes"", ""No""]",0.0,1.0,1.0,False,2025-07-29T15:26:44.834284Z,2025-08-31T16:00:00Z,2025-08-29T01:33:01Z,resolved,4143.66966,,,-0.4795,-0.4095,-0.6845,0.001,,0.001,,"This market will resolve to ""Yes"" if the U.S. Food and Drug Administration (FDA) grants full or conditional approval for Outlook Therapeutics’ ONS-5010 as a treatment for wet age-related macular degeneration (wet AMD) by August 31, 2025, 11:59 PM ET. Otherwise, this market will resolve to ""No.""

An approval is defined as:
For new drugs: FDA issuance of an approval letter for a New Drug Application (NDA) or Biologics License Application (BLA)
For already-marketed drugs seeking new indications: FDA approval of a supplemental NDA (sNDA) or supplemental BLA (sBLA) for the specific indication referenced
For generic drugs: FDA approval of an Abbreviated New Drug Application (ANDA)
For biosimilars: FDA approval of a 351(k) application

The following constitute qualifying approvals:
Standard approval (traditional approval based on clinical benefit), Accelerated approval (based on surrogate endpoints), Approval with Risk Evaluation and Mitigation Strategy (REMS), Approval with restricted distribution or indication limitations, except compassionate use/expanded access programs

The following do not constitute qualifying approvals:
Approvable letters that require additional actions before approval
Tentative approvals pending patent or exclusivity expiration
FDA requests for additional information or studies
Extension of Prescription Drug User Fee Amendments dates
Approval for compassionate use or expanded access programs only
Approval only for export or for use outside the United States
Emergency Use Authorization (EUA) without full approval
Complete Response Letters (CRLs) indicating the application cannot be approved in its current form

This market will immediately resolve to ""No"" if the FDA issues a Complete Response Letter (CRL) or explicitly declines to approve the application. If the drug sponsor withdraws the application before the end of the month, the market will resolve to ""No"" immediately.

If the listed drug is approved before the end of the month, the market will resolve to ""Yes,"" regardless of potential Advisory Committee votes against approval or later withdrawal of approval.

Conditional approvals may include post-marketing requirements or commitments and still qualify.

The primary resolution source will be official information from the FDA; however, a consensus of credible reporting will also be used.","drug,science,tech",Outlook Therapeutics,ONS-5010 / LYTENAVA (bevacizumab-vikg),Wet (neovascular) age-related macular degeneration,BLA,2025-08-27,no,standard,none,yes,2023-08-29,CMC/manufacturing,yes,domestic,no,CMC/manufacturing refile,CRL,2025-08-28,"FDA issued a CRL on the resubmitted BLA, declining approval of ONS-5010 for wet AMD in present form.",pending,pending,https://ir.outlooktherapeutics.com/news-releases/news-release-details/outlook-therapeutics-provides-regulatory-update-us-food-and-0; https://www.sec.gov/Archives/edgar/data/0001649989/000110465923096669/tm2325118d1_ex99-1.htm; https://www.globenewswire.com/news-release/2026/06/01/3304397/0/en/outlook-therapeutics-announces-resubmission-of-biologics-license-application-to-u-s-fda-for-ons-5010-lytenava-bevacizumab-vikg.html,"Multiple CRLs (Aug 2023 CMC; Aug 2025; then 2025-12-31). Fully domestic US supply chain (drug substance at Outlook/Oncobiologics, Cranbury NJ) -> inspection_location domestic. Approved in EU/UK. Note the 2025-12-31 CRL was reportedly efficacy-based, not CMC. eventually_approved updated no->pending: Outlook RESUBMITTED the BLA 2026-06-01, so a decision is again pending. crl_date approximate. Market resolve-by is the Aug-31 deadline; true PDUFA was 2025-08-27, so pdufa_matches_market_date=no."
34565,fda-approves-leqembi-auto-injection-for-early-alzheimers-by-august-31,FDA approves Leqembi auto-injection for early Alzheimer’s?,FDA approves Leqembi auto-injection for early Alzheimer’s?,0x42e6fd138841c2b61970cf485dfd70f6619cea9ff465f6738a1bd85b51d72057,78359937548305549743434705849437065800007393249716313739969280274843995846349,84093409081912477009172618663267637476240056354859801196681034236431212936425,True,True,"[""Yes"", ""No""]",1.0,0.0,1.0,True,2025-07-29T15:41:19.594576Z,2025-08-31T16:00:00Z,2025-08-30T01:34:49Z,resolved,2111.404441,,,-0.025,0.07,0.175,0.3,0.7,1.0,,"This market will resolve to ""Yes"" if the U.S. Food and Drug Administration (FDA) grants full or conditional approval for Leqembi® (lecanemab), developed by Eisai, Biogen, and BioArctic, for use in a subcutaneous auto-injection formulation as a treatment for early Alzheimer’s disease by August 31, 2025, 11:59 PM ET. Otherwise, this market will resolve to ""No.""

An approval is defined as:
For new drugs: FDA issuance of an approval letter for a New Drug Application (NDA) or Biologics License Application (BLA)
For already-marketed drugs seeking new indications: FDA approval of a supplemental NDA (sNDA) or supplemental BLA (sBLA) for the specific indication referenced
For generic drugs: FDA approval of an Abbreviated New Drug Application (ANDA)
For biosimilars: FDA approval of a 351(k) application

The following constitute qualifying approvals:
Standard approval (traditional approval based on clinical benefit), Accelerated approval (based on surrogate endpoints), Approval with Risk Evaluation and Mitigation Strategy (REMS), Approval with restricted distribution or indication limitations, except compassionate use/expanded access programs

The following do not constitute qualifying approvals:
Approvable letters that require additional actions before approval
Tentative approvals pending patent or exclusivity expiration
FDA requests for additional information or studies
Extension of Prescription Drug User Fee Amendments dates
Approval for compassionate use or expanded access programs only
Approval only for export or for use outside the United States
Emergency Use Authorization (EUA) without full approval
Complete Response Letters (CRLs) indicating the application cannot be approved in its current form

This market will immediately resolve to ""No"" if the FDA issues a Complete Response Letter (CRL) or explicitly declines to approve the application. If the drug sponsor withdraws the application before the end of the month, the market will resolve to ""No"" immediately.

If the listed drug is approved before the end of the month, the market will resolve to ""Yes,"" regardless of potential Advisory Committee votes against approval or later withdrawal of approval.

Conditional approvals may include post-marketing requirements or commitments and still qualify.

The primary resolution source will be official information from the FDA; however, a consensus of credible reporting will also be used.","drug,science,tech",Eisai / Biogen,LEQEMBI IQLIK (lecanemab-irmb) SC autoinjector,Maintenance dosing for early Alzheimer's disease,BLA,2025-08-31,yes,standard,Fast Track,no,,,unknown,unknown,no,Clean desk review,Approved,2025-08-29,"FDA approved the LEQEMBI IQLIK once-weekly SC autoinjector for maintenance dosing, ahead of the Aug 31 resolve-by.",yes,2025-08-29,https://www.eisai.com/news/2025/news202559.html; https://media-us.eisai.com/2025-08-29-FDA-Approves-LEQEMBI-R-IQLIK-TM-lecanemab-irmb-Subcutaneous-Injection-for-Maintenance-Dosing-for-the-Treatment-of-Early-Alzheimers-Disease,Maintenance-dosing SC autoinjector supplement; a separate SC starting-dose application was still under review into 2026 (do not conflate).
34560,fda-approves-capricor-therapeutics-cap-1002-for-duchenne-muscular-dystrophy-by-august-31,FDA approves Capricor Therapeutics’ Deramiocel for Duchenne muscular dystrophy by August 31?,FDA approves Capricor Therapeutics’ Deramiocel for Duchenne muscular dystrophy by August 31?,0x120a013eeb8b76ddc57297569626f13a510c09124b965f25a706b5f2388bb0cb,77649571240925900701262879469613775935286795356656408170141410960228406423163,51010379458918354836791630805014110738463888510601508496388402966768902251048,True,True,"[""Yes"", ""No""]",0.0,1.0,1.0,False,2025-07-29T15:26:44.831391Z,2025-08-31T16:00:00Z,2025-08-02T03:47:54Z,resolved,10777.335,,,-0.245,,,0.001,,0.001,,"This market will resolve to ""Yes"" if the U.S. Food and Drug Administration (FDA) grants full or conditional approval for Capricor Therapeutics’ Deramiocel as a treatment for Duchenne muscular dystrophy by August 31, 2025, 11:59 PM ET. Otherwise, this market will resolve to ""No.""

This market will resolve to ""Yes"" if the U.S. Food and Drug Administration (FDA) grants full or conditional approval for Capricor Therapeutics’ biologics license application (BLA) for CAP-1002 as a treatment for Duchenne muscular dystrophy by August 31, 2025, 11:59 PM ET. Otherwise, this market will resolve to ""No.""

An approval is defined as:
For new drugs: FDA issuance of an approval letter for a New Drug Application (NDA) or Biologics License Application (BLA)
For already-marketed drugs seeking new indications: FDA approval of a supplemental NDA (sNDA) or supplemental BLA (sBLA) for the specific indication referenced
For generic drugs: FDA approval of an Abbreviated New Drug Application (ANDA)
For biosimilars: FDA approval of a 351(k) application

The following constitute qualifying approvals:
Standard approval (traditional approval based on clinical benefit), Accelerated approval (based on surrogate endpoints), Approval with Risk Evaluation and Mitigation Strategy (REMS), Approval with restricted distribution or indication limitations, except compassionate use/expanded access programs

The following do not constitute qualifying approvals:
Approvable letters that require additional actions before approval
Tentative approvals pending patent or exclusivity expiration
FDA requests for additional information or studies
Extension of Prescription Drug User Fee Amendments dates
Approval for compassionate use or expanded access programs only
Approval only for export or for use outside the United States
Emergency Use Authorization (EUA) without full approval
Complete Response Letters (CRLs) indicating the application cannot be approved in its current form

This market will immediately resolve to ""No"" if the FDA issues a Complete Response Letter (CRL) or explicitly declines to approve the application. If the drug sponsor withdraws the application before the end of the month, the market will resolve to ""No"" immediately.

If the listed drug is approved before the end of the month, the market will resolve to ""Yes,"" regardless of potential Advisory Committee votes against approval or later withdrawal of approval.

Conditional approvals may include post-marketing requirements or commitments and still qualify.

The primary resolution source will be official information from the FDA; however, a consensus of credible reporting will also be used.","drug,science,tech",Capricor Therapeutics,Deramiocel (CAP-1002),Duchenne muscular dystrophy (cardiomyopathy),BLA,2025-08-31,yes,standard,Orphan;RMAT,no,2025-07-09,clinical/efficacy,unknown,unknown,no,Clinical/efficacy,CRL,2025-07-09,FDA issued a CRL citing need for additional efficacy data plus CMC clarifications; resolved No before Aug 31.,pending,pending,https://www.capricor.com/investors/news-events/press-releases/detail/319/capricor-therapeutics-provides-regulatory-update-on; https://www.capricor.com/investors/news-events/press-releases/detail/338/capricor-therapeutics-announces-establishment-of-new-pdufa; https://www.neurologylive.com/view/fda-hands-capricor-complete-response-letter-deramiocel-dmd-cardiomyopathy-treatment,"CRL 2025-07-09, primarily efficacy with CMC clarifications. HOPE-3 data submitted; new PDUFA 2026-08-22."
382885,fda-approves-grace-therapeutics-gtx-104,FDA approves Grace Therapeutics’ GTx-104?,FDA approves Grace Therapeutics’ GTx-104?,0x97cdd396ed95e3172e5c1595338205a4ebd2a6c0200070d50250f2e386a14b39,63885249881613818073618451909719033007658834926472640109051991064449081303432,56343407792433561279715628699108762320541998811409825945088878439267640812072,True,True,"[""Yes"", ""No""]",0.0,1.0,0.02,False,2026-04-17T00:52:58.822019Z,2026-04-23T00:00:00Z,2026-04-23T22:03:22Z,resolved,4958.989555,,,-0.7945,,,0.001,,0.001,"Trader consensus on Polymarket reflects 100% implied probability against FDA approval of Grace Therapeutics' GTx-104, an intravenous nimodipine formulation for aneurysmal subarachnoid hemorrhage (aSAH), driven by the agency's Complete Response Letter (CRL) issued today on the April 23 PDUFA target date. The CRL cites deficiencies in chemistry, manufacturing, and controls (CMC)—including leachables from packaging, nonclinical toxicology assessments, and contract manufacturing issues—without requesting new clinical data. This definitive roadblock, common in biotech NDAs, precludes approval until resubmission, fueling unassailable ""No"" positioning amid real capital at stake. While Grace plans a Type A meeting for clarification, historical CRL-to-approval timelines exceed the May 7 market resolution, barring an unprecedented rapid fix; regulatory intervention or withdrawal would cement ""No.""","As of market creation, the FDA’s expected decision date for the specified application is April 23, 2026.

This market will resolve to ""Yes"" if the U.S. Food and Drug Administration (FDA) grants full or conditional approval for Grace Therapeutics’ GTx-104 as a treatment for aneurysmal subarachnoid hemorrhage by May 7, 2026, 11:59 PM ET. Otherwise, this market will resolve to ""No.""

An approval is defined as:
For new drugs: FDA issuance of an approval letter for a New Drug Application (NDA) or Biologics License Application (BLA)
For already-marketed drugs seeking new indications: FDA approval of a supplemental NDA (sNDA) or supplemental BLA (sBLA) for the specific indication referenced
For generic drugs: FDA approval of an Abbreviated New Drug Application (ANDA)
For biosimilars: FDA approval of a 351(k) application

The following constitute qualifying approvals:
Standard approval (traditional approval based on clinical benefit), Accelerated approval (based on surrogate endpoints), Approval with Risk Evaluation and Mitigation Strategy (REMS), Approval with restricted distribution or indication limitations, except compassionate use/expanded access programs

The following do not constitute qualifying approvals:
Approvable letters that require additional actions before approval
Tentative approvals pending patent or exclusivity expiration
FDA requests for additional information or studies
Extension of Prescription Drug User Fee Amendments dates
Approval for compassionate use or expanded access programs only
Approval only for export or for use outside the United States
Emergency Use Authorization (EUA) without full approval
Complete Response Letters (CRLs) indicating the application cannot be approved in its current form

This market will immediately resolve to ""No"" if the FDA issues a Complete Response Letter (CRL) or explicitly declines to approve the application. If the drug sponsor withdraws the application before the end of the specified period, the market will resolve to ""No"" immediately.

If the listed drug is approved before the end of the specified period, the market will resolve to ""Yes,"" regardless of potential Advisory Committee votes against approval or later withdrawal of approval.

Conditional approvals may include post-marketing requirements or commitments and still qualify.

The primary resolution source will be official information from the FDA; however, a consensus of credible reporting will also be used.","business,drug,fda,medicine,science,tech",Grace Therapeutics,GTx-104 (IV nimodipine),Aneurysmal subarachnoid hemorrhage (aSAH),505(b)(2),2026-04-23,yes,standard,none,no,2026-04-23,CMC/manufacturing,yes,unknown,no,CMC/manufacturing refile,CRL,2026-04-23,"FDA issued a CRL 2026-04-23 citing CMC (packaging leachables, CMO manufacturing deficiencies) and nonclinical (tox risk assessments); no additional clinical data requested.",pending,pending,https://www.globenewswire.com/news-release/2026/04/23/3280288/0/en/Grace-Therapeutics-Provides-Regulatory-Update-on-New-Drug-Application-for-GTx-104.html; https://www.biospace.com/press-releases/grace-therapeutics-provides-regulatory-update-on-new-drug-application-for-gtx-104,CRL on the resolve-by date itself. Market sat ~71% Yes 1 day out then resolved No = the flagship blindside/surprise. crl_reason_class CMC dominant; nonclinical also cited. (prior_crl flags THIS cycle's CRL; it was the first cycle.)
382921,fda-approves-sanofis-sarclisa,FDA approves Sanofi’s Subcutaneous Sarclisa?,FDA approves Sanofi’s Subcutaneous Sarclisa?,0x6c2beb5de99b17455f47867abc38b17376789e70931497101b57142dd662f8ac,49746537589239804822677095949218030012348050927620835449042701425110987537956,85264948624586487595286264047668050986275514305565924755672972942080319549588,True,True,"[""Yes"", ""No""]",0.0,1.0,0.009,False,2026-04-17T20:23:10.719519Z,2026-04-23T00:00:00Z,2026-05-08T08:38:40Z,resolved,10879.625856000002,,,-0.023,-0.0235,,0.001,,0.001,"Trader consensus reflects near-certainty at 99.7% for ""No"" following the FDA's April 22, 2026, announcement extending review of Sanofi's biologics license application for subcutaneous Sarclisa (isatuximab-irfc), an anti-CD38 monoclonal antibody for multiple myeloma. The Prescription Drug User Fee Act target date shifted from April 23 to July 23, 2026, to allow additional evaluation time, despite positive phase 3 data showing pharmacokinetic non-inferiority and similar efficacy to the approved intravenous formulation via on-body injector. No approval has been posted on official FDA channels, solidifying the outcome as the market's resolution criteria—tied to the original timeline—remain unmet. Realistic shifts would require an unforeseen expedited approval before close, though routine extensions signal low likelihood amid standard regulatory caution.","As of market creation, the FDA’s expected decision date for the specified application is April 23, 2026.

This market will resolve to ""Yes"" if the U.S. Food and Drug Administration (FDA) grants full or conditional approval for Sanofi’s Subcutaneous Sarclisa as a treatment for multiple myeloma by May 7, 2026, 11:59 PM ET. Otherwise, this market will resolve to ""No.""

An approval is defined as:
For new drugs: FDA issuance of an approval letter for a New Drug Application (NDA) or Biologics License Application (BLA)
For already-marketed drugs seeking new indications: FDA approval of a supplemental NDA (sNDA) or supplemental BLA (sBLA) for the specific indication referenced
For generic drugs: FDA approval of an Abbreviated New Drug Application (ANDA)
For biosimilars: FDA approval of a 351(k) application

The following constitute qualifying approvals:
Standard approval (traditional approval based on clinical benefit), Accelerated approval (based on surrogate endpoints), Approval with Risk Evaluation and Mitigation Strategy (REMS), Approval with restricted distribution or indication limitations, except compassionate use/expanded access programs

The following do not constitute qualifying approvals:
Approvable letters that require additional actions before approval
Tentative approvals pending patent or exclusivity expiration
FDA requests for additional information or studies
Extension of Prescription Drug User Fee Amendments dates
Approval for compassionate use or expanded access programs only
Approval only for export or for use outside the United States
Emergency Use Authorization (EUA) without full approval
Complete Response Letters (CRLs) indicating the application cannot be approved in its current form

This market will immediately resolve to ""No"" if the FDA issues a Complete Response Letter (CRL) or explicitly declines to approve the application. If the drug sponsor withdraws the application before the end of the specified period, the market will resolve to ""No"" immediately.

If the listed drug is approved before the end of the specified period, the market will resolve to ""Yes,"" regardless of potential Advisory Committee votes against approval or later withdrawal of approval.

Conditional approvals may include post-marketing requirements or commitments and still qualify.

The primary resolution source will be official information from the FDA; however, a consensus of credible reporting will also be used.","business,drug,fda,medicine,science,tech",Sanofi,"Sarclisa subcutaneous (isatuximab-irfc), on-body injector",Multiple myeloma (SC formulation across approved IV indications),BLA,2026-07-23,no,standard,none,no,,,unknown,unknown,no,Timeline bet,Delay,2026-04-22,Resolved No via PDUFA extension: on 2026-04-22 Sanofi disclosed FDA extended the action date up to 3 months from ~2026-04-27 to 2026-07-23.,pending,pending,https://www.sanofi.com/en/media-room/press-releases/2026/2026-04-22-05-00-00-3278646; https://www.onclive.com/view/fda-extends-review-period-for-subcutaneous-isatuximab-bla-in-multiple-myeloma,"Original target ~2026-04-27; extended to 2026-07-23 (announced 2026-04-22). Delay, not a CRL. Based on Ph3 IRAKLIA. First anticancer via on-body injector."
400481,fda-approves-sanofis-dupixent,FDA approves Sanofi's Dupixent?,FDA approves Sanofi's Dupixent?,0x1227564e7ae629400b526b03c86a52e83776d9efe000590a28a8062353a7ca45,95823234161378177284416409047886716357009197216254062227325587550442088286650,41163601770967680234003870604269025596723115498380023200663320410926690367262,True,True,"[""Yes"", ""No""]",1.0,0.0,0.999,True,2026-04-20T21:52:54.162895Z,2026-04-27T00:00:00Z,2026-04-23T14:54:54Z,resolved,10142.207259000003,,,0.2145,,,0.001,0.999,1.0,"The FDA's approval of Sanofi's Dupixent (dupilumab) on February 24, 2026, as the first and only targeted biologic for allergic fungal rhinosinusitis in patients aged 6 and older has driven trader consensus to a near-certain 100% implied probability for ""Yes,"" reflecting Phase 3 trial data showing a 92% reduction in the need for steroids or surgery. This ninth U.S. indication for the interleukin-4 and interleukin-13 inhibitor underscores its expanding label across type 2 inflammatory diseases, backed by Sanofi and Regeneron's official announcements and FDA posting. While revocation or reinterpretation of approval criteria remains a theoretical risk—such as post-marketing safety issues or labeling disputes—such events are exceedingly rare for established biologics with strong safety profiles, cementing market confidence ahead of resolution.","As of market creation, the FDA's expected decision date for the specified application is April 27, 2026.

This market will resolve to ""Yes"" if the U.S. Food and Drug Administration (FDA) grants full or conditional approval for Sanofi's Dupixent as a treatment for chronic spontaneous urticaria (CSU) in children by May 11, 2026, 11:59 PM ET. Otherwise, this market will resolve to ""No.""

An approval is defined as:
For new drugs: FDA issuance of an approval letter for a New Drug Application (NDA) or Biologics License Application (BLA)
For already-marketed drugs seeking new indications: FDA approval of a supplemental NDA (sNDA) or supplemental BLA (sBLA) for the specific indication referenced
For generic drugs: FDA approval of an Abbreviated New Drug Application (ANDA)
For biosimilars: FDA approval of a 351(k) application

The following constitute qualifying approvals:
Standard approval (traditional approval based on clinical benefit), Accelerated approval (based on surrogate endpoints), Approval with Risk Evaluation and Mitigation Strategy (REMS), Approval with restricted distribution or indication limitations, except compassionate use/expanded access programs

The following do not constitute qualifying approvals:
Approvable letters that require additional actions before approval
Tentative approvals pending patent or exclusivity expiration
FDA requests for additional information or studies
Extension of Prescription Drug User Fee Amendments dates
Approval for compassionate use or expanded access programs only
Approval only for export or for use outside the United States
Emergency Use Authorization (EUA) without full approval
Complete Response Letters (CRLs) indicating the application cannot be approved in its current form

This market will immediately resolve to ""No"" if the FDA issues a Complete Response Letter (CRL) or explicitly declines to approve the application. If the drug sponsor withdraws the application before the end of the specified period, the market will resolve to ""No"" immediately.

If the listed drug is approved before the end of the specified period, the market will resolve to ""Yes,"" regardless of potential Advisory Committee votes against approval or later withdrawal of approval.

Conditional approvals may include post-marketing requirements or commitments and still qualify.

The primary resolution source will be official information from the FDA; however, a consensus of credible reporting will also be used.","business,drug,fda,medicine,science,tech",Sanofi; Regeneron,Dupixent (dupilumab),Chronic spontaneous urticaria (CSU) in children 2-11 yrs,sBLA,2026-04-22,no,standard,none,no,,,no,,no,Clean desk review,Approved,2026-04-22,"FDA approved Dupixent as first biologic for young children (2-11) with uncontrolled CSU (LIBERTY-CUPID), ahead of the 2026-04-27 market date.",yes,2026-04-22,https://investor.regeneron.com/news-releases/news-release-details/dupixentr-dupilumab-approved-us-first-new-targeted-therapy-over; https://www.sanofi.com/en/media-room/press-releases/2026/2026-04-22-21-30-00-3279472,Pediatric (2-11) CSU extension; approved 5 days early.
400491,fda-approves-mercks-doravirineislatravir,FDA approves Merck's Doravirine/Islatravir?,FDA approves Merck's Doravirine/Islatravir?,0x98de9caf3ecfd76205c1f0c899e12aaeed99560b62793cf32b9a726308488474,104393374134852006594969952880959063125370121697760825266023713216489634334827,61693105835088611644948044790517465652531885753061994393264017102457586761887,True,True,"[""Yes"", ""No""]",1.0,0.0,0.998,True,2026-04-20T21:52:34.262479Z,2026-04-28T00:00:00Z,2026-04-22T14:18:42Z,resolved,832.0596969999999,,,0.3295,,,0.001,0.999,1.0,"The U.S. Food and Drug Administration's approval of Merck's once-daily IDVYNSO (doravirine/islatravir) on April 21, 2026, as a two-drug regimen for virologically suppressed HIV-1 adults has propelled the market-implied Yes probability to 87.5%, reflecting trader consensus on robust Phase 3 trial data from February showing non-inferior efficacy to three-drug standards and no new safety signals. Building on the NDA acceptance in July 2025, this milestone—ahead of the anticipated April 28 PDUFA date—underscores Merck's streamlined regulatory path amid HIV treatment simplification demands. Remaining uncertainty stems from potential post-approval label refinements or market resolution nuances, with launch timelines now a key watchpoint for adoption.","As of market creation, the FDA's expected decision date for the specified application is April 28, 2026.

This market will resolve to ""Yes"" if the U.S. Food and Drug Administration (FDA) grants full or conditional approval for Merck's Doravirine/Islatravir as a treatment for adults with virologically suppressed HIV-1 infection by May 12, 2026, 11:59 PM ET. Otherwise, this market will resolve to ""No.""

An approval is defined as:
For new drugs: FDA issuance of an approval letter for a New Drug Application (NDA) or Biologics License Application (BLA)
For already-marketed drugs seeking new indications: FDA approval of a supplemental NDA (sNDA) or supplemental BLA (sBLA) for the specific indication referenced
For generic drugs: FDA approval of an Abbreviated New Drug Application (ANDA)
For biosimilars: FDA approval of a 351(k) application

The following constitute qualifying approvals:
Standard approval (traditional approval based on clinical benefit), Accelerated approval (based on surrogate endpoints), Approval with Risk Evaluation and Mitigation Strategy (REMS), Approval with restricted distribution or indication limitations, except compassionate use/expanded access programs

The following do not constitute qualifying approvals:
Approvable letters that require additional actions before approval
Tentative approvals pending patent or exclusivity expiration
FDA requests for additional information or studies
Extension of Prescription Drug User Fee Amendments dates
Approval for compassionate use or expanded access programs only
Approval only for export or for use outside the United States
Emergency Use Authorization (EUA) without full approval
Complete Response Letters (CRLs) indicating the application cannot be approved in its current form

This market will immediately resolve to ""No"" if the FDA issues a Complete Response Letter (CRL) or explicitly declines to approve the application. If the drug sponsor withdraws the application before the end of the specified period, the market will resolve to ""No"" immediately.

If the listed drug is approved before the end of the specified period, the market will resolve to ""Yes,"" regardless of potential Advisory Committee votes against approval or later withdrawal of approval.

Conditional approvals may include post-marketing requirements or commitments and still qualify.

The primary resolution source will be official information from the FDA; however, a consensus of credible reporting will also be used.","business,drug,fda,medicine,science,tech",Merck,doravirine/islatravir (Idvynso),HIV-1 in virologically suppressed adults switching regimen,NDA,2026-04-28,yes,standard,none,no,,,unknown,unknown,no,Clean desk review,Approved,2026-04-21,"FDA approved Idvynso 2026-04-21, ahead of the 2026-04-28 PDUFA/resolve-by.",yes,2026-04-21,https://www.merck.com/news/u-s-fda-accepts-new-drug-application-for-mercks-doravirine-islatravir-an-investigational-once-daily-oral-two-drug-regimen-for-treatment-of-adults-with-virologically-suppressed-hiv-1-infe/; https://www.eatg.org/hiv-news/press-release-fda-approves-mercks-once-daily-idvynso-doravirine-islatravir/,Islatravir had clinical HOLDS in 2021 (resolved via lower dose) but the NDA itself had no CRL; first-cycle approval.
400511,fda-approves-sanofis-tzield,FDA approves Sanofi's Tzield?,FDA approves Sanofi's Tzield?,0x729068e73cba063d37da18c022b71f1cb98929d77e11c227b08d2ae806bc566a,31664239167373057556552459244482529304545646016185098683486305722764842416716,10193223976173067441690098517433078322812632645104738191156672748681683693680,True,True,"[""Yes"", ""No""]",1.0,0.0,0.99,True,2026-04-20T21:52:39.737843Z,2026-04-29T00:00:00Z,2026-04-22T17:08:26Z,resolved,517.288391,,,0.5695,,,0.001,0.999,1.0,"Sanofi's Tzield (teplizumab-mzwv) received FDA approval today for an expanded indication to delay stage 3 type 1 diabetes onset in children as young as one year with stage 2 disease, driving trader consensus to 100% ""Yes"" on Polymarket. This supplemental biologics license application followed priority review acceptance in January 2026—ahead of the April 29 PDUFA target—building on the drug's 2022 approval for patients aged 8+. Strong clinical data from prior trials and expedited review via a National Priority Voucher fueled optimism, with Sanofi's official announcement confirming the decision. While post-approval label changes or rare manufacturing issues could theoretically prompt revisits, such scenarios are negligible given the binding regulatory greenlight and market-implied certainty.","As of market creation, the FDA's expected decision date for the specified application is April 29, 2026.

This market will resolve to ""Yes"" if the U.S. Food and Drug Administration (FDA) grants full or conditional approval for Sanofi's Tzield as a treatment for delaying the onset of stage 3 type 1 diabetes in patients aged 1 year and older with stage 2 type 1 diabetes by May 13, 2026, 11:59 PM ET. Otherwise, this market will resolve to ""No.""

An approval is defined as:
For new drugs: FDA issuance of an approval letter for a New Drug Application (NDA) or Biologics License Application (BLA)
For already-marketed drugs seeking new indications: FDA approval of a supplemental NDA (sNDA) or supplemental BLA (sBLA) for the specific indication referenced
For generic drugs: FDA approval of an Abbreviated New Drug Application (ANDA)
For biosimilars: FDA approval of a 351(k) application

The following constitute qualifying approvals:
Standard approval (traditional approval based on clinical benefit), Accelerated approval (based on surrogate endpoints), Approval with Risk Evaluation and Mitigation Strategy (REMS), Approval with restricted distribution or indication limitations, except compassionate use/expanded access programs

The following do not constitute qualifying approvals:
Approvable letters that require additional actions before approval
Tentative approvals pending patent or exclusivity expiration
FDA requests for additional information or studies
Extension of Prescription Drug User Fee Amendments dates
Approval for compassionate use or expanded access programs only
Approval only for export or for use outside the United States
Emergency Use Authorization (EUA) without full approval
Complete Response Letters (CRLs) indicating the application cannot be approved in its current form

This market will immediately resolve to ""No"" if the FDA issues a Complete Response Letter (CRL) or explicitly declines to approve the application. If the drug sponsor withdraws the application before the end of the specified period, the market will resolve to ""No"" immediately.

If the listed drug is approved before the end of the specified period, the market will resolve to ""Yes,"" regardless of potential Advisory Committee votes against approval or later withdrawal of approval.

Conditional approvals may include post-marketing requirements or commitments and still qualify.

The primary resolution source will be official information from the FDA; however, a consensus of credible reporting will also be used.","business,drug,fda,medicine,science,tech",Sanofi,Tzield (teplizumab-mzwv),Delay onset of stage 3 type 1 diabetes in children as young as 1 yr (age expansion),sBLA,2026-04-29,yes,priority,none,no,,,no,,no,Clean desk review,Approved,2026-04-22,"FDA approved (priority) the age expansion of Tzield to children as young as 1 yr (PETITE-T1D), ahead of the market date.",yes,2026-04-22,https://www.sanofi.com/en/media-room/press-releases/2026/2026-04-22-05-05-00-3278650; https://www.news.sanofi.us/2026-04-22-Sanofis-Tzield-approved-in-the-US-to-delay-the-onset-of-stage-3-type-1-diabetes-in-young-children,PDUFA 2026-04-29 (matches); approved early 2026-04-22.
400521,fda-approves-axsome-therapeutics-axs-05,FDA approves Axsome Therapeutics' AXS-05?,FDA approves Axsome Therapeutics' AXS-05?,0xb1a2b737cef26e09bc760437061f46246d2d0f8aebfd27ba766d0bd39a6f8738,23481422710243700698721138437690444206367289229728636415910269721081494645628,88221643665426647504384625501381527448767091737254025565857108186942584937366,True,True,"[""Yes"", ""No""]",1.0,0.0,0.999,True,2026-04-20T21:52:38.236108Z,2026-04-30T00:00:00Z,2026-05-01T14:35:24Z,resolved,2559.817664,,,0.2075,0.2845,,0.001,0.999,1.0,"Trader consensus has priced in an 81.9% implied probability for FDA approval of Axsome Therapeutics' AXS-05 (dextromethorphan-bupropion, branded Auvelity) for agitation in Alzheimer's disease, driven primarily by the imminent Prescription Drug User Fee Act (PDUFA) target date of April 30, 2026—just yesterday. The FDA granted priority review to the supplemental new drug application in late December 2025, shortening the timeline amid breakthrough therapy designation since 2020, highlighting the therapy's potential to address a critical unmet need as the first oral non-antipsychotic option. Phase 3 ADVANCE-1 trial data, recently reviewed ahead of PDUFA, showed AXS-05 significantly delayed agitation relapse (hazard ratio 0.276 vs. placebo), outweighing a prior failed acute study. With no advisory committee required and Axsome's stock up nearly 15% in the past month on positive sentiment, traders anticipate regulatory greenlight, though last-minute scrutiny on elderly safety data remains a minor risk.","As of market creation, the FDA's expected decision date for the specified application is April 30, 2026.

This market will resolve to ""Yes"" if the U.S. Food and Drug Administration (FDA) grants full or conditional approval for Axsome Therapeutics's AXS-05 as a treatment for Alzheimer’s disease agitation by May 14, 2026, 11:59 PM ET. Otherwise, this market will resolve to ""No.""

An approval is defined as:
For new drugs: FDA issuance of an approval letter for a New Drug Application (NDA) or Biologics License Application (BLA)
For already-marketed drugs seeking new indications: FDA approval of a supplemental NDA (sNDA) or supplemental BLA (sBLA) for the specific indication referenced
For generic drugs: FDA approval of an Abbreviated New Drug Application (ANDA)
For biosimilars: FDA approval of a 351(k) application

The following constitute qualifying approvals:
Standard approval (traditional approval based on clinical benefit), Accelerated approval (based on surrogate endpoints), Approval with Risk Evaluation and Mitigation Strategy (REMS), Approval with restricted distribution or indication limitations, except compassionate use/expanded access programs

The following do not constitute qualifying approvals:
Approvable letters that require additional actions before approval
Tentative approvals pending patent or exclusivity expiration
FDA requests for additional information or studies
Extension of Prescription Drug User Fee Amendments dates
Approval for compassionate use or expanded access programs only
Approval only for export or for use outside the United States
Emergency Use Authorization (EUA) without full approval
Complete Response Letters (CRLs) indicating the application cannot be approved in its current form

This market will immediately resolve to ""No"" if the FDA issues a Complete Response Letter (CRL) or explicitly declines to approve the application. If the drug sponsor withdraws the application before the end of the specified period, the market will resolve to ""No"" immediately.

If the listed drug is approved before the end of the specified period, the market will resolve to ""Yes,"" regardless of potential Advisory Committee votes against approval or later withdrawal of approval.

Conditional approvals may include post-marketing requirements or commitments and still qualify.

The primary resolution source will be official information from the FDA; however, a consensus of credible reporting will also be used.","business,drug,fda,medicine,science,tech",Axsome Therapeutics,"AXS-05 (Auvelity, dextromethorphan HBr / bupropion HCl)",Agitation associated with Alzheimer's dementia,sNDA,2026-04-30,yes,priority,Breakthrough,no,,,unknown,unknown,no,Clean desk review,Approved,2026-04-30,FDA approved AXS-05/Auvelity for agitation in Alzheimer's dementia on the 2026-04-30 PDUFA/resolve-by date.,yes,2026-04-30,https://www.globenewswire.com/news-release/2026/04/30/3285345/33090/en/axsome-therapeutics-announces-fda-approval-of-auvelity-dextromethorphan-hbr-and-bupropion-hcl-for-the-treatment-of-agitation-associated-with-dementia-due-to-alzheimer-s-disease.html; https://www.patientcareonline.com/view/fda-grants-priority-review-to-axs-05-for-agitation-in-alzheimer-disease-sets-april-2026-pdufa-date,New indication (drug already approved for MDD). First non-antipsychotic for AD agitation. NOTE: this 2026-04-30 DXM-product approval is what triggered the 'psychedelic in 2026' thematic market to resolve YES on a technicality.
400550,fda-approves-astrazenecas-truqap-capivasertib,FDA approves AstraZeneca's Truqap (capivasertib)?,FDA approves AstraZeneca's Truqap (capivasertib)?,0x0b3d7aad450bf734174e23e3608c10e325a431a1cccf60502d9946e81698f787,91129593454233596737822113432026264072705867184559977052746298922597082445217,36859007223489533597225129160790463426016069574533365321506599489476480672870,True,True,"[""Yes"", ""No""]",0.0,1.0,0.093,False,2026-04-20T21:52:58.099892Z,2026-04-30T00:00:00Z,2026-05-16T05:06:18Z,resolved,6942.131387999997,,,-0.072,-0.173,,0.001,,0.001,"Traders see near-certain odds against fresh FDA approval for AstraZeneca’s Truqap (capivasertib) because the AKT inhibitor already received clearance in November 2023 for HR-positive, HER2-negative advanced breast cancer in combination with fulvestrant. That prior regulatory decision eliminated the need for another immediate review, while no new supplemental biologics license application or expanded indication filing has surfaced in the last year. Supply-chain stability, established safety data, and lack of competing late-stage trials further reinforce the current consensus. Any surprise re-submission or unexpected label expansion would require new clinical evidence and agency acceptance, both of which remain absent from official announcements or credible filings.","As of market creation, the FDA's expected decision date for the specified application is April 30, 2026.

This market will resolve to ""Yes"" if the U.S. Food and Drug Administration (FDA) grants full or conditional approval for AstraZeneca's Truqap (capivasertib) as a treatment for metastatic hormone-sensitive prostate cancer (PTEN-deficient) by May 14, 2026, 11:59 PM ET. Otherwise, this market will resolve to ""No.""

An approval is defined as:
For new drugs: FDA issuance of an approval letter for a New Drug Application (NDA) or Biologics License Application (BLA)
For already-marketed drugs seeking new indications: FDA approval of a supplemental NDA (sNDA) or supplemental BLA (sBLA) for the specific indication referenced
For generic drugs: FDA approval of an Abbreviated New Drug Application (ANDA)
For biosimilars: FDA approval of a 351(k) application

The following constitute qualifying approvals:
Standard approval (traditional approval based on clinical benefit), Accelerated approval (based on surrogate endpoints), Approval with Risk Evaluation and Mitigation Strategy (REMS), Approval with restricted distribution or indication limitations, except compassionate use/expanded access programs

The following do not constitute qualifying approvals:
Approvable letters that require additional actions before approval
Tentative approvals pending patent or exclusivity expiration
FDA requests for additional information or studies
Extension of Prescription Drug User Fee Amendments dates
Approval for compassionate use or expanded access programs only
Approval only for export or for use outside the United States
Emergency Use Authorization (EUA) without full approval
Complete Response Letters (CRLs) indicating the application cannot be approved in its current form

This market will immediately resolve to ""No"" if the FDA issues a Complete Response Letter (CRL) or explicitly declines to approve the application. If the drug sponsor withdraws the application before the end of the specified period, the market will resolve to ""No"" immediately.

If the listed drug is approved before the end of the specified period, the market will resolve to ""Yes,"" regardless of potential Advisory Committee votes against approval or later withdrawal of approval.

Conditional approvals may include post-marketing requirements or commitments and still qualify.

The primary resolution source will be official information from the FDA; however, a consensus of credible reporting will also be used.","business,drug,fda,medicine,science,tech",AstraZeneca,"Truqap (capivasertib, AZD5363)",Market framed as breast cancer sNDA; concurrent FDA action was capivasertib+abiraterone for PTEN-deficient mHSPC (CAPItello-281),sNDA,unknown,no,standard,none,no,,,unknown,unknown,2026-04-30,Timeline bet,Delay,2026-04-30,"Resolved No: no FDA approval of a Truqap label expansion by 2026-04-30. The 2026-04-30 ODAC (mHSPC) voted 7-1 favorable but is only advisory, not an approval.",pending,pending,https://www.fda.gov/advisory-committees/advisory-committee-calendar/april-30-2026-meeting-oncologic-drugs-advisory-committee-meeting-announcement-04302026; https://www.astrazeneca.com/media-centre/press-releases/2026/fda-odac-recommends-truqap-prostate-cancer.html,"INDICATION DISCREPANCY: market labels breast cancer sNDA, but only capivasertib FDA event near 2026-04-30 was the mHSPC ODAC (CAPItello-281), 7-1 favorable. No approval by market date; No is correct."
400551,fda-approves-astrazenecas-camizestrant,FDA approves AstraZeneca's Camizestrant?,FDA approves AstraZeneca's Camizestrant?,0x949c85ac014a123dba57cd6b3516aeb49a3c36d5e9cd240556715abd6196f7e5,53242812239942100887456304319877300979147274515811765080842618941498855469669,47420833285410714113991781737443860288623661048128828882761753511363425424707,True,True,"[""Yes"", ""No""]",0.0,1.0,0.129,False,2026-04-20T21:52:58.141726Z,2026-04-30T00:00:00Z,2026-05-16T07:11:38Z,resolved,2831.6861250000006,0.0,,-0.029,-0.0335,,0.001,,0.001,"The FDA’s Oncologic Drugs Advisory Committee voted 3–6 on April 30 against the benefit-risk profile of AstraZeneca’s camizestrant combined with a CDK4/6 inhibitor for first-line use in HR-positive, HER2-negative advanced breast cancer with emergent ESR1 mutations, based on the SERENA-6 trial. The panel cited concerns over trial design, specifically whether switching patients early upon ctDNA-detected mutation improves long-term outcomes compared with waiting for radiographic progression. Although the agency granted Breakthrough Therapy Designation and accepted the NDA in 2025, it is not bound by the vote and remains under active review. Traders see limited realistic paths to near-term approval given these clinical and regulatory hurdles, though unexpected positive data or a surprise FDA decision could still shift outcomes.","As of market creation, the FDA's expected decision date for the specified application is April 30, 2026.

This market will resolve to ""Yes"" if the U.S. Food and Drug Administration (FDA) grants full or conditional approval for AstraZeneca's Camizestrant as a treatment for HR+/HER2- advanced or metastatic breast cancer with ESR1 mutation by May 14, 2026, 11:59 PM ET. Otherwise, this market will resolve to ""No.""

An approval is defined as:
For new drugs: FDA issuance of an approval letter for a New Drug Application (NDA) or Biologics License Application (BLA)
For already-marketed drugs seeking new indications: FDA approval of a supplemental NDA (sNDA) or supplemental BLA (sBLA) for the specific indication referenced
For generic drugs: FDA approval of an Abbreviated New Drug Application (ANDA)
For biosimilars: FDA approval of a 351(k) application

The following constitute qualifying approvals:
Standard approval (traditional approval based on clinical benefit), Accelerated approval (based on surrogate endpoints), Approval with Risk Evaluation and Mitigation Strategy (REMS), Approval with restricted distribution or indication limitations, except compassionate use/expanded access programs

The following do not constitute qualifying approvals:
Approvable letters that require additional actions before approval
Tentative approvals pending patent or exclusivity expiration
FDA requests for additional information or studies
Extension of Prescription Drug User Fee Amendments dates
Approval for compassionate use or expanded access programs only
Approval only for export or for use outside the United States
Emergency Use Authorization (EUA) without full approval
Complete Response Letters (CRLs) indicating the application cannot be approved in its current form

This market will immediately resolve to ""No"" if the FDA issues a Complete Response Letter (CRL) or explicitly declines to approve the application. If the drug sponsor withdraws the application before the end of the specified period, the market will resolve to ""No"" immediately.

If the listed drug is approved before the end of the specified period, the market will resolve to ""Yes,"" regardless of potential Advisory Committee votes against approval or later withdrawal of approval.

Conditional approvals may include post-marketing requirements or commitments and still qualify.

The primary resolution source will be official information from the FDA; however, a consensus of credible reporting will also be used.","business,drug,fda,medicine,science,tech",AstraZeneca,Camizestrant (AZD9833),"1L HR+/HER2- advanced breast cancer with emergent ESR1 mutation, + CDK4/6 inhibitor",NDA,2026-04-30,yes,standard,Breakthrough,no,,,unknown,unknown,2026-04-30,Timeline bet,Delay,2026-05-27,Resolved No via PDUFA extension: ODAC voted 6-3 against benefit-risk on 2026-04-30; FDA extended the decision date (disclosed 2026-05-27). No approval by market date.,pending,pending,https://www.astrazeneca.com/media-centre/press-releases/2026/us-fda-decision-date-camizestrant-extended.html; https://www.cancernetwork.com/view/fda-odac-no-camizestrant-for-hr-her2-esr1-advanced-breast-cancer,"NDA accepted Jul 2025 on SERENA-6; Breakthrough granted May 2025. ODAC 6-3 against 2026-04-30; FDA extension 2026-05-27. Delay, not a CRL."
431116,fda-approves-argenxs-vyvgart,FDA approves argenx's Vyvgart?,FDA approves argenx's Vyvgart?,0x10c1548bbd6c2da56e3ca73e966f595d2258ebc194c168e8a81837aa23aac69d,66007911101707302190148735167450517628970472782888009492359692471595464474238,98886563935484367656431194809053261089422639464394989381151958744968129809741,True,True,"[""Yes"", ""No""]",1.0,0.0,0.999,True,2026-04-30T00:10:56.27536Z,2026-05-10T00:00:00Z,2026-05-09T01:29:16Z,resolved,9955.154954,,,0.082,0.1545,,0.001,0.999,1.0,"Trader consensus implies an 85% probability of FDA approval for argenx's Vyvgart (efgartigimod alfa-fcab) in acetylcholine receptor antibody (AChR-Ab) seronegative generalized myasthenia gravis (gMG), driven by robust Phase 3 ADAPT SERON trial data showing a statistically significant 3.35-point mean improvement in MG-ADL scores at week 4 (p=0.0068) across MuSK+, LRP4+, and triple seronegative subtypes, with sustained benefits and a safety profile consistent with prior indications. Recent presentations at the AAN 2026 meeting (April 18) highlighted rapid symptom control in open-label extensions, reinforcing efficacy in this underserved population comprising 15-20% of gMG patients lacking targeted therapies. The FDA granted priority review to the sBLA in January, setting a PDUFA target action date of May 10; while small trial size (n=119) introduces modest uncertainty around labeling scope, no advisory flags have emerged. Watch for the FDA decision next week.","As of market creation, the FDA's expected decision date for the specified application is May 10, 2026.

This market will resolve to ""Yes"" if the U.S. Food and Drug Administration (FDA) grants full or conditional approval for argenx's Vyvgart as a treatment for seronegative generalized myasthenia gravis by May 24, 2026, 11:59 PM ET. Otherwise, this market will resolve to ""No.""

An approval is defined as:
For new drugs: FDA issuance of an approval letter for a New Drug Application (NDA) or Biologics License Application (BLA)
For already-marketed drugs seeking new indications: FDA approval of a supplemental NDA (sNDA) or supplemental BLA (sBLA) for the specific indication referenced
For generic drugs: FDA approval of an Abbreviated New Drug Application (ANDA)
For biosimilars: FDA approval of a 351(k) application

The following constitute qualifying approvals:
Standard approval (traditional approval based on clinical benefit), Accelerated approval (based on surrogate endpoints), Approval with Risk Evaluation and Mitigation Strategy (REMS), Approval with restricted distribution or indication limitations, except compassionate use/expanded access programs

The following do not constitute qualifying approvals:
Approvable letters that require additional actions before approval
Tentative approvals pending patent or exclusivity expiration
FDA requests for additional information or studies
Extension of Prescription Drug User Fee Amendments dates
Approval for compassionate use or expanded access programs only
Approval only for export or for use outside the United States
Emergency Use Authorization (EUA) without full approval
Complete Response Letters (CRLs) indicating the application cannot be approved in its current form

This market will immediately resolve to ""No"" if the FDA issues a Complete Response Letter (CRL) or explicitly declines to approve the application. If the drug sponsor withdraws the application before the end of the specified period, the market will resolve to ""No"" immediately.

If the listed drug is approved before the end of the specified period, the market will resolve to ""Yes,"" regardless of potential Advisory Committee votes against approval or later withdrawal of approval.

Conditional approvals may include post-marketing requirements or commitments and still qualify.

The primary resolution source will be official information from the FDA; however, a consensus of credible reporting will also be used.","business,drug,fda,medicine,science,tech",argenx,Vyvgart / Vyvgart Hytrulo (efgartigimod),Generalized myasthenia gravis (gMG) expansion to all serotypes incl. AChR-Ab seronegative,sBLA,2026-05-10,yes,priority,none,no,,,no,,no,Clean desk review,Approved,2026-05-08,"FDA approved (priority) the all-serotype gMG label expansion (ADAPT SERON), ahead of the 2026-05-10 market date.",yes,2026-05-08,https://www.globenewswire.com/news-release/2026/05/08/3291372/0/en/argenx-Announces-U-S-FDA-Approval-Expanding-VYVGART-and-VYVGART-Hytrulo-for-Use-in-All-Adult-Patients-Living-with-gMG.html; https://argenx.com/news/2026/press-release-3217457,PDUFA 2026-05-10 (matches); approved early 2026-05-08.
431125,fda-approves-daiichi-sankyo-astrazenecas-enhertu,FDA approves Daiichi Sankyo & AstraZeneca's Enhertu?,FDA approves Daiichi Sankyo & AstraZeneca's Enhertu?,0x2adcde0d2e4f04de4b30d2532fd858f15a02ce509015c00e77f1505c0f2de292,69400397468967449995917313835111737034508590183323257665363807189355138758019,75203288269517206880762799151369003979200965066965662320269724051838531639449,True,True,"[""Yes"", ""No""]",1.0,0.0,0.999,True,2026-04-30T00:14:17.352989Z,2026-05-18T00:00:00Z,2026-05-16T13:15:45Z,resolved,2031.2453689999998,,,0.2095,0.2095,,0.001,0.999,1.0,"Strong Phase III results from the DESTINY-Breast05 trial, showing a 53% reduction in invasive disease recurrence or death versus T-DM1, combined with the FDA’s March 2026 Priority Review and December 2025 Breakthrough Therapy Designation, have driven the 97% implied probability for approval of Enhertu in HER2-positive early breast cancer with residual disease after neoadjuvant therapy. Traders cite Enhertu’s established safety profile in prior metastatic approvals, consistent efficacy signals across antibody-drug conjugate data, and the absence of major competing safety concerns as reinforcing factors. The supplemental biologics license application targets a potential new standard of care, with a July 2026 PDUFA target date and Project Orbis review accelerating timelines. Remaining uncertainty centers on possible last-minute manufacturing or labeling queries, though historical precedent for similar agents indicates these rarely alter near-term outcomes.","As of market creation, the FDA's expected decision date for the specified application is May 18, 2026.

This market will resolve to ""Yes"" if the U.S. Food and Drug Administration (FDA) grants full or conditional approval for Daiichi Sankyo & AstraZeneca's Enhertu as a treatment for neoadjuvant treatment of adult patients with HER2-positive breast cancer by June 1, 2026, 11:59 PM ET. Otherwise, this market will resolve to ""No.""

An approval is defined as:
For new drugs: FDA issuance of an approval letter for a New Drug Application (NDA) or Biologics License Application (BLA)
For already-marketed drugs seeking new indications: FDA approval of a supplemental NDA (sNDA) or supplemental BLA (sBLA) for the specific indication referenced
For generic drugs: FDA approval of an Abbreviated New Drug Application (ANDA)
For biosimilars: FDA approval of a 351(k) application

The following constitute qualifying approvals:
Standard approval (traditional approval based on clinical benefit), Accelerated approval (based on surrogate endpoints), Approval with Risk Evaluation and Mitigation Strategy (REMS), Approval with restricted distribution or indication limitations, except compassionate use/expanded access programs

The following do not constitute qualifying approvals:
Approvable letters that require additional actions before approval
Tentative approvals pending patent or exclusivity expiration
FDA requests for additional information or studies
Extension of Prescription Drug User Fee Amendments dates
Approval for compassionate use or expanded access programs only
Approval only for export or for use outside the United States
Emergency Use Authorization (EUA) without full approval
Complete Response Letters (CRLs) indicating the application cannot be approved in its current form

This market will immediately resolve to ""No"" if the FDA issues a Complete Response Letter (CRL) or explicitly declines to approve the application. If the drug sponsor withdraws the application before the end of the specified period, the market will resolve to ""No"" immediately.

If the listed drug is approved before the end of the specified period, the market will resolve to ""Yes,"" regardless of potential Advisory Committee votes against approval or later withdrawal of approval.

Conditional approvals may include post-marketing requirements or commitments and still qualify.

The primary resolution source will be official information from the FDA; however, a consensus of credible reporting will also be used.","business,drug,fda,medicine,science,tech",Daiichi Sankyo / AstraZeneca,"Enhertu (fam-trastuzumab deruxtecan-nxki, T-DXd)",HER2+ early breast cancer: neoadjuvant and adjuvant,sBLA,2026-05-15,no,priority,Priority Review Voucher,no,,,unknown,unknown,no,Oncology sNDA,Approved,2026-05-15,"Resolved Yes: FDA approved Enhertu for HER2+ early breast cancer (neoadjuvant + adjuvant) on 2026-05-15, ahead of the 2026-05-18 market date.",yes,2026-05-15,https://www.astrazeneca.com/media-centre/press-releases/2026/enhertu-approved-in-two-her2-early-bc-settings.html; https://www.drugs.com/history/enhertu.html,Based on DESTINY-Breast11 (neoadjuvant) and DESTINY-Breast05 (adjuvant). Approval ~3 days before market date.
503854,fda-approves-mannkinds-afrezza,FDA approves MannKind's Afrezza?,FDA approves MannKind's Afrezza?,0xfd1864c35c1ae22c3f5b68904a178e7c950c4f3cf2d6510c540a49a5af082765,79127495791978058124289140201339283810704766892738013113616067695776240067131,66665076381031090526699217818790364699357159322802016641307232473113503876522,True,True,"[""Yes"", ""No""]",1.0,0.0,0.998,True,2026-05-20T19:59:38.397837Z,2026-05-29T00:00:00Z,2026-06-02T11:53:48Z,resolved,3089.9535749999995,,,0.2135,0.3845,,0.001,0.999,1.0,,"As of market creation, the FDA's expected decision date for the specified application is May 29, 2026.

This market will resolve to ""Yes"" if the U.S. Food and Drug Administration (FDA) grants full or conditional approval for MannKind's Afrezza as a treatment for children and adolescents with type 1 or type 2 diabetes by June 12, 2026, 11:59 PM ET. Otherwise, this market will resolve to ""No.""

An approval is defined as:
For new drugs: FDA issuance of an approval letter for a New Drug Application (NDA) or Biologics License Application (BLA)
For already-marketed drugs seeking new indications: FDA approval of a supplemental NDA (sNDA) or supplemental BLA (sBLA) for the specific indication referenced
For generic drugs: FDA approval of an Abbreviated New Drug Application (ANDA)
For biosimilars: FDA approval of a 351(k) application

The following constitute qualifying approvals:
Standard approval (traditional approval based on clinical benefit), Accelerated approval (based on surrogate endpoints), Approval with Risk Evaluation and Mitigation Strategy (REMS), Approval with restricted distribution or indication limitations, except compassionate use/expanded access programs

The following do not constitute qualifying approvals:
Approvable letters that require additional actions before approval
Tentative approvals pending patent or exclusivity expiration
FDA requests for additional information or studies
Extension of Prescription Drug User Fee Amendments dates
Approval for compassionate use or expanded access programs only
Approval only for export or for use outside the United States
Emergency Use Authorization (EUA) without full approval
Complete Response Letters (CRLs) indicating the application cannot be approved in its current form

This market will immediately resolve to ""No"" if the FDA issues a Complete Response Letter (CRL) or explicitly declines to approve the application. If the drug sponsor withdraws the application before the end of the specified period, the market will resolve to ""No"" immediately.

If the listed drug is approved before the end of the specified period, the market will resolve to ""Yes,"" regardless of potential Advisory Committee votes against approval or later withdrawal of approval.

Conditional approvals may include post-marketing requirements or commitments and still qualify.

The primary resolution source will be official information from the FDA; however, a consensus of credible reporting will also be used.","business,drug,fda,medicine,science,tech",MannKind Corporation,Afrezza (insulin human inhalation powder),Mealtime insulin in pediatric/adolescent patients aged 6+,sBLA,2026-05-29,yes,standard,none,no,,,unknown,unknown,no,Clean desk review,Approved,2026-05-29,FDA approved the Afrezza pediatric sBLA (ages 6+) on the 2026-05-29 PDUFA/resolve-by date (INHALE-1).,yes,2026-05-29,https://www.globenewswire.com/news-release/2026/05/29/3303734/29517/en/mannkind-announces-fda-approval-of-afrezza-the-first-and-only-inhaled-mealtime-insulin-for-use-in-children-and-adolescents-aged-6-and-older-living-with-diabetes.html; https://www.contemporarypediatrics.com/view/fda-approves-inhaled-insulin-afrezza-for-children-and-adolescents-with-diabetes,Pediatric (6+) expansion; satisfies last postmarketing requirement.
503876,fda-approves-cingulates-ctx-1301,FDA approves Cingulate's Ctx-1301?,FDA approves Cingulate's Ctx-1301?,0xd875a7397c450d59deff30a9c696422d14db52db14087c8540380567880e2e36,100424870191122042078498362995444536848262353838665605867188417274254717266522,49872305991103339214866503746011032262187436778710748940993675465153655840327,True,True,"[""Yes"", ""No""]",0.0,1.0,0.002,False,2026-05-20T19:59:42.703769Z,2026-05-31T00:00:00Z,2026-06-03T00:15:18Z,resolved,10950.043305000001,,,-0.0575,-0.4045,,0.001,,0.001,"Cingulate received a Complete Response Letter from the FDA shortly after the May 31, 2026 PDUFA target date for its CTx-1301 NDA under the 505(b)(2) pathway, signaling that the application in its current form was not approved due to unresolved manufacturing, chemistry, or controls issues. Traders have priced this outcome at near-certainty because the agency action directly followed the review timeline, consistent with standard regulatory practice when additional data or responses are required. While the company continues engaging the FDA and maintains cash runway into 2027 for potential resubmission, approval remains contingent on addressing the CRL specifics, with no guaranteed timeline or outcome.","As of market creation, the FDA's expected decision date for the specified application is May 31, 2026.

This market will resolve to ""Yes"" if the U.S. Food and Drug Administration (FDA) grants full or conditional approval for Cingulate's Ctx-1301 as a treatment for children and adults with attention-deficit/hyperactivity disorder (ADHD) by June 14, 2026, 11:59 PM ET. Otherwise, this market will resolve to ""No.""

An approval is defined as:
For new drugs: FDA issuance of an approval letter for a New Drug Application (NDA) or Biologics License Application (BLA)
For already-marketed drugs seeking new indications: FDA approval of a supplemental NDA (sNDA) or supplemental BLA (sBLA) for the specific indication referenced
For generic drugs: FDA approval of an Abbreviated New Drug Application (ANDA)
For biosimilars: FDA approval of a 351(k) application

The following constitute qualifying approvals:
Standard approval (traditional approval based on clinical benefit), Accelerated approval (based on surrogate endpoints), Approval with Risk Evaluation and Mitigation Strategy (REMS), Approval with restricted distribution or indication limitations, except compassionate use/expanded access programs

The following do not constitute qualifying approvals:
Approvable letters that require additional actions before approval
Tentative approvals pending patent or exclusivity expiration
FDA requests for additional information or studies
Extension of Prescription Drug User Fee Amendments dates
Approval for compassionate use or expanded access programs only
Approval only for export or for use outside the United States
Emergency Use Authorization (EUA) without full approval
Complete Response Letters (CRLs) indicating the application cannot be approved in its current form

This market will immediately resolve to ""No"" if the FDA issues a Complete Response Letter (CRL) or explicitly declines to approve the application. If the drug sponsor withdraws the application before the end of the specified period, the market will resolve to ""No"" immediately.

If the listed drug is approved before the end of the specified period, the market will resolve to ""Yes,"" regardless of potential Advisory Committee votes against approval or later withdrawal of approval.

Conditional approvals may include post-marketing requirements or commitments and still qualify.

The primary resolution source will be official information from the FDA; however, a consensus of credible reporting will also be used.","business,drug,fda,medicine,science,tech",Cingulate Inc.,"CTx-1301 (dexmethylphenidate, Precision Timed Release)",Attention-deficit/hyperactivity disorder (ADHD),NDA,2026-05-31,yes,standard,none,no,2026-06-02,CMC/manufacturing,yes,domestic,no,CMC/manufacturing refile,CRL,2026-06-02,"FDA issued a CRL citing CMC requests, with no clinical safety/efficacy concerns; not approved by the 2026-05-31 resolve-by date.",pending,pending,https://www.biospace.com/press-releases/cingulate-receives-complete-response-letter-from-fda-for-ctx-1301; https://www.cingulate.com/news-releases/news-release-details/cingulate-announces-successful-transfer-ctx-1301; https://www.hcplive.com/view/fda-crl-ctx-1301-daily-dexmethylphenidate-adhd,"CRL 2026-06-02, CMC-only; FDA noted no safety/efficacy concerns. Resubmission planned. NDA was first-cycle (no prior CRL); crl_reason_class of THIS CRL = CMC/manufacturing. Commercial CDMO is Societal CDMO (Gainesville, GA, USA) -> inspection_location domestic; CRL said only 'our manufacturing partner'."
555980,fda-approves-arvinas-vepdegestrant-06-05-2026,FDA approves Vepdegestrant?,FDA approves Vepdegestrant?,0x33bc65234a165163b12f0436e7a2df55853645129f3f6d8f5c1ace280227a381,19675190979063428584460012417029540764817099974380042355019255641503684988201,106288703384550053356326931093614322768148442265935356533968417534625833563685,True,True,"[""Yes"", ""No""]",1.0,0.0,0.998,True,2026-06-04T19:35:10.467592Z,2026-06-05T00:00:00Z,2026-06-05T02:36:54Z,resolved,49637.815713,,,,,,0.002,0.997,0.999,"The FDA granted full approval to vepdegestrant (Veppanu) on May 1, 2026, for adults with ER-positive, HER2-negative, ESR1-mutated advanced or metastatic breast cancer after progression on at least one prior line of endocrine therapy, as confirmed by an FDA-authorized test. This decision followed NDA acceptance in August 2025 with a June 5 PDUFA target and positive Phase 3 data demonstrating improved progression-free survival in the ESR1-mutant subgroup. As the first approved PROTAC heterobifunctional protein degrader, the therapy’s novel mechanism of targeted estrogen receptor degradation underpins the near-certain market consensus, with no remaining regulatory or labeling uncertainties.","As of market creation, the FDA's expected decision date for the specified application is June 5, 2026.

This market will resolve to ""Yes"" if the U.S. Food and Drug Administration (FDA) grants full or conditional approval for Arvinas & Pfizer's Vepdegestrant as a treatment for advanced breast cancer by June 19, 2026, 11:59 PM ET. Otherwise, this market will resolve to ""No.""

An approval is defined as:
For new drugs: FDA issuance of an approval letter for a New Drug Application (NDA) or Biologics License Application (BLA)
For already-marketed drugs seeking new indications: FDA approval of a supplemental NDA (sNDA) or supplemental BLA (sBLA) for the specific indication referenced
For generic drugs: FDA approval of an Abbreviated New Drug Application (ANDA)
For biosimilars: FDA approval of a 351(k) application

The following constitute qualifying approvals:
Standard approval (traditional approval based on clinical benefit), Accelerated approval (based on surrogate endpoints), Approval with Risk Evaluation and Mitigation Strategy (REMS), Approval with restricted distribution or indication limitations, except compassionate use/expanded access programs

The following do not constitute qualifying approvals:
Approvable letters that require additional actions before approval
Tentative approvals pending patent or exclusivity expiration
FDA requests for additional information or studies
Extension of Prescription Drug User Fee Amendments dates
Approval for compassionate use or expanded access programs only
Approval only for export or for use outside the United States
Emergency Use Authorization (EUA) without full approval
Complete Response Letters (CRLs) indicating the application cannot be approved in its current form

This market will immediately resolve to ""No"" if the FDA issues a Complete Response Letter (CRL) or explicitly declines to approve the application. If the drug sponsor withdraws the application before the end of the specified period, the market will resolve to ""No"" immediately.

If the listed drug is approved before the end of the specified period, the market will resolve to ""Yes,"" regardless of potential Advisory Committee votes against approval or later withdrawal of approval.

Conditional approvals may include post-marketing requirements or commitments and still qualify.

The primary resolution source will be official information from the FDA; however, a consensus of credible reporting will also be used.","business,drug,fda,medicine,science,tech",Arvinas / Pfizer,"Vepdegestrant (ARV-471, VEPPANU); PROTAC SERD","ER+/HER2-, ESR1-mutated advanced/metastatic breast cancer after >=1 prior endocrine therapy",NDA,2026-06-05,yes,priority,Fast Track,no,,,unknown,unknown,no,Oncology sNDA,Approved,2026-05-01,"Resolved Yes: FDA approved VEPPANU on 2026-05-01, ahead of the 2026-06-05 PDUFA/market date; first-ever PROTAC degrader approval.",yes,2026-05-01,https://ir.arvinas.com/news-releases/news-release-details/arvinas-announces-fda-approval-veppanu-vepdegestrant-treatment; https://www.sec.gov/Archives/edgar/data/0001655759/000162828026029210/fdaapprovalpressrelease_.htm,First FDA-approved PROTAC protein degrader. Based on Ph3 VERITAC-2. Approved ~5 weeks early.
382447,fda-approves-a-psychedelic-for-medical-use-in-2026,FDA approves a psychedelic for medical use in 2026?,FDA approves a psychedelic for medical use in 2026?,0x7ec2aaec75c826754697dc042c93ab3ec508f3ca546a0d0260f2bdbedbc68459,60580648533799922693070490076127788324101424464787775768413397482105354840,76955464940506623835704949798126873413500120471993846412619749033481937962994,True,True,"[""Yes"", ""No""]",1.0,0.0,0.999,True,2026-04-16T14:49:13.770915Z,2026-12-31T00:00:00Z,2026-05-06T18:44:04Z,resolved,46130.429729999996,,,0.5045,0.5695,,0.001,0.999,1.0,"Following President Trump's April 18 executive order directing accelerated development of psychedelic therapies for serious mental illnesses like PTSD and treatment-resistant depression, the FDA on April 24 issued Commissioner's National Priority Vouchers to Compass Pathways for its COMP360 psilocybin, Usona Institute, and Transcend Therapeutics for methylone, enabling ultra-fast priority reviews and rolling New Drug Application submissions. Compass's successful Phase 3 trial results in February further bolstered prospects, with FDA Commissioner Marty Makary indicating potential approvals as early as summer 2026. These regulatory advances explain trader consensus implying 55.5% odds of FDA approval for a psychedelic in 2026, though full clinical validation remains required amid prior MDMA setbacks, highlighting the competitive path ahead.","This market will resolve to ""Yes"" if the U.S. Food and Drug Administration (FDA) approves any psychedelic substance for medical use between market creation and December 31, 2026, 11:59 PM ET. Otherwise, this market will resolve to ""No.""

Psychedelic substances include: LSD, Psilocybin, DMT, Mescaline, MDMA, MDA, PCP, DXM, Ibogaine, Salvia divinorum, 2C family, and Ayahuasca.

An approval is defined as:
For new drugs: FDA issuance of an approval letter for a New Drug Application (NDA) or Biologics License Application (BLA)
For already-marketed drugs seeking new indications: FDA approval of a supplemental NDA (sNDA) or supplemental BLA (sBLA) for the specific indication referenced
For generic drugs: FDA approval of an Abbreviated New Drug Application (ANDA)
For biosimilars: FDA approval of a 351(k) application

The following constitute qualifying approvals:
Standard approval (traditional approval based on clinical benefit), Accelerated approval (based on surrogate endpoints), Approval with Risk Evaluation and Mitigation Strategy (REMS), Approval with restricted distribution or indication limitations, except compassionate use/expanded access programs

The following do not constitute qualifying approvals:
Approvable letters that require additional actions before approval
Tentative approvals pending patent or exclusivity expiration
FDA requests for additional information or studies
Extension of Prescription Drug User Fee Amendments dates
Approval for compassionate use or expanded access programs only
Approval only for export or for use outside the United States
Emergency Use Authorization (EUA) without full approval
Complete Response Letters (CRLs) indicating the application cannot be approved in its current form

If the listed drug is approved within this market’s timeframe, the market will resolve to ""Yes,"" regardless of potential Advisory Committee votes against approval or later withdrawal of approval.

Conditional approvals may include post-marketing requirements or commitments and still qualify.

The primary resolution source will be official information from the FDA; however, a consensus of credible reporting will also be used.","drug,fda,food-and-drug-administration,lsd,mushrooms,politics,psilocybin",(thematic market),(multiple/criteria-based),,,,,,,,,,,,no,Timeline bet,Approved,2026-04-30,Resolved YES on a technicality: FDA approved Auvelity (DXM-bupropion) for a new indication on 2026-04-30; DXM is on the market's qualifying-substance list.,yes,2026-04-30,https://polymarket.com/event/fda-approves-a-psychedelic-for-medical-use-in-2026; https://www.globenewswire.com/news-release/2026/04/30/3285345/33090/en/axsome-therapeutics-announces-fda-approval-of-auvelity-dextromethorphan-hbr-and-bupropion-hcl-for-the-treatment-of-agitation-associated-with-dementia-due-to-alzheimer-s-disease.html,"EXCLUDE FROM DRUG-BY-DRUG BASE RATE. Thematic market. Resolution rules list qualifying psychedelics incl. DXM; counts new-indication sNDA approvals of marketed drugs. Auvelity (DXM combo) new indication 2026-04-30 satisfied the literal criteria, resolving YES ~8 months early. Definitional/technicality resolution, not approval of a classic serotonergic psychedelic."
