event_id,slug,title,question,condition_id,yes_token_id,no_token_id,closed,active,outcomes,yes_price,no_price,last_trade_price,resolved_yes,start_date,end_date,closed_time,uma_resolution_status,volume,liquidity,volume_24hr,one_day_price_change,one_week_price_change,one_month_price_change,spread,best_bid,best_ask,context_description,event_description,tags
555997,fda-approves-camurus-oclaiz-06-10-2026,FDA approves Camurus' Oclaiz?,FDA approves Camurus' Oclaiz?,0x17583eea72358d7a1a07e42505900db66eb7f8006c9ae7ddb8831f7d64a4962e,9790467751495698944577542019395549510548745636189774197376277039957068798277,71787882178814728103812947133927223500602892814349404385877196683285205354177,False,True,"[""Yes"", ""No""]",0.765,0.235,0.86,,2026-06-04T19:35:14.763028Z,2026-06-10T00:00:00Z,,,2036.8888439999996,515.4148,1680.078473,-0.005,,,0.19,0.67,0.86,,"As of market creation, the FDA's expected decision date for the specified application is June 10, 2026.

This market will resolve to ""Yes"" if the U.S. Food and Drug Administration (FDA) grants full or conditional approval for Camurus's Oclaiz as a treatment for patients with acromegaly by June 24, 2026, 11:59 PM ET. Otherwise, this market will resolve to ""No.""

An approval is defined as:
For new drugs: FDA issuance of an approval letter for a New Drug Application (NDA) or Biologics License Application (BLA)
For already-marketed drugs seeking new indications: FDA approval of a supplemental NDA (sNDA) or supplemental BLA (sBLA) for the specific indication referenced
For generic drugs: FDA approval of an Abbreviated New Drug Application (ANDA)
For biosimilars: FDA approval of a 351(k) application

The following constitute qualifying approvals:
Standard approval (traditional approval based on clinical benefit), Accelerated approval (based on surrogate endpoints), Approval with Risk Evaluation and Mitigation Strategy (REMS), Approval with restricted distribution or indication limitations, except compassionate use/expanded access programs

The following do not constitute qualifying approvals:
Approvable letters that require additional actions before approval
Tentative approvals pending patent or exclusivity expiration
FDA requests for additional information or studies
Extension of Prescription Drug User Fee Amendments dates
Approval for compassionate use or expanded access programs only
Approval only for export or for use outside the United States
Emergency Use Authorization (EUA) without full approval
Complete Response Letters (CRLs) indicating the application cannot be approved in its current form

This market will immediately resolve to ""No"" if the FDA issues a Complete Response Letter (CRL) or explicitly declines to approve the application. If the drug sponsor withdraws the application before the end of the specified period, the market will resolve to ""No"" immediately.

If the listed drug is approved before the end of the specified period, the market will resolve to ""Yes,"" regardless of potential Advisory Committee votes against approval or later withdrawal of approval.

Conditional approvals may include post-marketing requirements or commitments and still qualify.

The primary resolution source will be official information from the FDA; however, a consensus of credible reporting will also be used.","business,drug,fda,medicine,science,tech"
556012,fda-approves-gsk-spero-therapeutics-tebipenem-hbr-06-18-2026,FDA approves GSK & Spero Therapeutics' Tebipenem HBr?,FDA approves GSK & Spero Therapeutics' Tebipenem HBr?,0x1b4b89d1eb8b516f8c65bfd42a652a4430f2820a10a183cc00dfb1f5924ecac6,78995205365570565066249949387638649229709537783656066690162225076290008296743,19328717987046459351831442923027633200185233937220413514193990019512915547300,False,True,"[""Yes"", ""No""]",0.705,0.295,0.71,,2026-06-04T19:35:15.710846Z,2026-06-18T00:00:00Z,,,3689.4537249999985,1818.6449,268.643808,0.01,,,0.05,0.68,0.73,,"As of market creation, the FDA's expected decision date for the specified application is June 18, 2026.

This market will resolve to ""Yes"" if the U.S. Food and Drug Administration (FDA) grants full or conditional approval for GSK & Spero Therapeutics's Tebipenem HBr as a treatment for complicated urinary tract infections (cUTIs), including pyelonephritis by July 2, 2026, 11:59 PM ET. Otherwise, this market will resolve to ""No.""

An approval is defined as:
For new drugs: FDA issuance of an approval letter for a New Drug Application (NDA) or Biologics License Application (BLA)
For already-marketed drugs seeking new indications: FDA approval of a supplemental NDA (sNDA) or supplemental BLA (sBLA) for the specific indication referenced
For generic drugs: FDA approval of an Abbreviated New Drug Application (ANDA)
For biosimilars: FDA approval of a 351(k) application

The following constitute qualifying approvals:
Standard approval (traditional approval based on clinical benefit), Accelerated approval (based on surrogate endpoints), Approval with Risk Evaluation and Mitigation Strategy (REMS), Approval with restricted distribution or indication limitations, except compassionate use/expanded access programs

The following do not constitute qualifying approvals:
Approvable letters that require additional actions before approval
Tentative approvals pending patent or exclusivity expiration
FDA requests for additional information or studies
Extension of Prescription Drug User Fee Amendments dates
Approval for compassionate use or expanded access programs only
Approval only for export or for use outside the United States
Emergency Use Authorization (EUA) without full approval
Complete Response Letters (CRLs) indicating the application cannot be approved in its current form

This market will immediately resolve to ""No"" if the FDA issues a Complete Response Letter (CRL) or explicitly declines to approve the application. If the drug sponsor withdraws the application before the end of the specified period, the market will resolve to ""No"" immediately.

If the listed drug is approved before the end of the specified period, the market will resolve to ""Yes,"" regardless of potential Advisory Committee votes against approval or later withdrawal of approval.

Conditional approvals may include post-marketing requirements or commitments and still qualify.

The primary resolution source will be official information from the FDA; however, a consensus of credible reporting will also be used.","business,drug,fda,medicine,science,tech"
556024,fda-approves-merck-welireg-keytruda-or-keytruda-qlex-06-19-2026,FDA approves Merck's Welireg + Keytruda or Keytruda Qlex?,FDA approves Merck's Welireg + Keytruda or Keytruda Qlex?,0xf1cc13243db73347c0e4eaca6aa4ca68dcdb3a3bf7a8937e804c4fee047e66ed,91234654974942531712649884521655849604456464750059504118872404397662648931411,23539858007764270118501458814314081184106639123899028621801319955776268313272,False,True,"[""Yes"", ""No""]",0.81,0.19,0.82,,2026-06-04T19:35:17.15635Z,2026-06-19T00:00:00Z,,,273.53626099999997,282.2107,21.219511,0.005,,,0.02,0.8,0.82,,"As of market creation, the FDA's expected decision date for the specified application is June 19, 2026.

This market will resolve to ""Yes"" if the U.S. Food and Drug Administration (FDA) grants full or conditional approval for Merck's Welireg + Keytruda or Keytruda Qlex as a treatment for adjuvant treatment of clear cell renal cell carcinoma following nephrectomy by July 3, 2026, 11:59 PM ET. Otherwise, this market will resolve to ""No.""

An approval is defined as:
For new drugs: FDA issuance of an approval letter for a New Drug Application (NDA) or Biologics License Application (BLA)
For already-marketed drugs seeking new indications: FDA approval of a supplemental NDA (sNDA) or supplemental BLA (sBLA) for the specific indication referenced
For generic drugs: FDA approval of an Abbreviated New Drug Application (ANDA)
For biosimilars: FDA approval of a 351(k) application

The following constitute qualifying approvals:
Standard approval (traditional approval based on clinical benefit), Accelerated approval (based on surrogate endpoints), Approval with Risk Evaluation and Mitigation Strategy (REMS), Approval with restricted distribution or indication limitations, except compassionate use/expanded access programs

The following do not constitute qualifying approvals:
Approvable letters that require additional actions before approval
Tentative approvals pending patent or exclusivity expiration
FDA requests for additional information or studies
Extension of Prescription Drug User Fee Amendments dates
Approval for compassionate use or expanded access programs only
Approval only for export or for use outside the United States
Emergency Use Authorization (EUA) without full approval
Complete Response Letters (CRLs) indicating the application cannot be approved in its current form

This market will immediately resolve to ""No"" if the FDA issues a Complete Response Letter (CRL) or explicitly declines to approve the application. If the drug sponsor withdraws the application before the end of the specified period, the market will resolve to ""No"" immediately.

If the listed drug is approved before the end of the specified period, the market will resolve to ""Yes,"" regardless of potential Advisory Committee votes against approval or later withdrawal of approval.

Conditional approvals may include post-marketing requirements or commitments and still qualify.

The primary resolution source will be official information from the FDA; however, a consensus of credible reporting will also be used.","business,drug,fda,medicine,science,tech"
556033,fda-approves-kiniksa-regeneron-arcalyst-06-19-2026,FDA approves Arcalyst technology transfer?,FDA approves Arcalyst technology transfer?,0x867d2b14e4334057aa0a8172e3be513e9dd907ec6181c3275878144d46eb44e9,98678819069478680617064953082888421117999069425418620706355486116533458039721,86314011341674034526185287193461955886179458842282344239667398454076760038957,False,True,"[""Yes"", ""No""]",0.725,0.275,0.82,,2026-06-04T19:35:19.599027Z,2026-06-19T00:00:00Z,,,2333.010203,746.83,250.0,-0.085,,,0.33,0.56,0.89,,"As of market creation, the FDA's expected decision date for the specified application is June 19, 2026.

This market will resolve to ""Yes"" if the U.S. Food and Drug Administration (FDA) grants full or conditional approval for Kiniksa & Regeneron's Arcalyst related to the technology transfer to Samsung Biologics as a replacement CDMO by July 3, 2026, 11:59 PM ET. Otherwise, this market will resolve to ""No.""

An approval is defined as:
For new drugs: FDA issuance of an approval letter for a New Drug Application (NDA) or Biologics License Application (BLA)
For already-marketed drugs seeking new indications: FDA approval of a supplemental NDA (sNDA) or supplemental BLA (sBLA) for the specific indication referenced
For generic drugs: FDA approval of an Abbreviated New Drug Application (ANDA)
For biosimilars: FDA approval of a 351(k) application

The following constitute qualifying approvals:
Standard approval (traditional approval based on clinical benefit), Accelerated approval (based on surrogate endpoints), Approval with Risk Evaluation and Mitigation Strategy (REMS), Approval with restricted distribution or indication limitations, except compassionate use/expanded access programs

The following do not constitute qualifying approvals:
Approvable letters that require additional actions before approval
Tentative approvals pending patent or exclusivity expiration
FDA requests for additional information or studies
Extension of Prescription Drug User Fee Amendments dates
Approval for compassionate use or expanded access programs only
Approval only for export or for use outside the United States
Emergency Use Authorization (EUA) without full approval
Complete Response Letters (CRLs) indicating the application cannot be approved in its current form

This market will immediately resolve to ""No"" if the FDA issues a Complete Response Letter (CRL) or explicitly declines to approve the application. If the drug sponsor withdraws the application before the end of the specified period, the market will resolve to ""No"" immediately.

If the listed drug is approved before the end of the specified period, the market will resolve to ""Yes,"" regardless of potential Advisory Committee votes against approval or later withdrawal of approval.

Conditional approvals may include post-marketing requirements or commitments and still qualify.

The primary resolution source will be official information from the FDA; however, a consensus of credible reporting will also be used.","business,drug,fda,medicine,science,tech"
556064,fda-approves-arcutis-zoryve-cream-06-29-2026,FDA approves Arcutis' Zoryve cream?,FDA approves Arcutis' Zoryve cream?,0xb7c2d7f522335da5c7cb4c9ea13b6e7caa434edf592a696e5a23ddc516715536,5326686830403320881315123977898684912619539791198259198721594979452835065069,112053394931601951078685087694816063040578631816280033954054311951936677570613,False,True,"[""Yes"", ""No""]",0.885,0.115,0.79,,2026-06-04T19:54:46.325243Z,2026-06-29T00:00:00Z,,,3935.716602999999,2317.0806,3169.1770369999995,0.08,,,0.01,0.88,0.89,"Arcutis’ strong regulatory track record and positive supporting data underpin the market’s 88.5% implied probability that the FDA will approve Zoryve (roflumilast) cream 0.3% for plaque psoriasis in children ages 2–5 by the June 29, 2026 PDUFA target. The company has secured six prior Zoryve approvals across atopic dermatitis and psoriasis indications in under four years, including recent expansions to younger pediatric patients with consistent safety and efficacy results from Phase 3 and long-term extension studies. FDA acceptance of the supplemental NDA in November 2025, combined with the absence of notable safety signals or competing review issues, has reinforced trader confidence in a timely positive outcome as the agency nears its decision.","As of market creation, the FDA's expected decision date for the specified application is June 29, 2026.

This market will resolve to ""Yes"" if the U.S. Food and Drug Administration (FDA) grants full or conditional approval for Arcutis's Zoryve cream as a treatment for plaque psoriasis in children aged 2 to 5 by July 13, 2026, 11:59 PM ET. Otherwise, this market will resolve to ""No.""

An approval is defined as:
For new drugs: FDA issuance of an approval letter for a New Drug Application (NDA) or Biologics License Application (BLA)
For already-marketed drugs seeking new indications: FDA approval of a supplemental NDA (sNDA) or supplemental BLA (sBLA) for the specific indication referenced
For generic drugs: FDA approval of an Abbreviated New Drug Application (ANDA)
For biosimilars: FDA approval of a 351(k) application

The following constitute qualifying approvals:
Standard approval (traditional approval based on clinical benefit), Accelerated approval (based on surrogate endpoints), Approval with Risk Evaluation and Mitigation Strategy (REMS), Approval with restricted distribution or indication limitations, except compassionate use/expanded access programs

The following do not constitute qualifying approvals:
Approvable letters that require additional actions before approval
Tentative approvals pending patent or exclusivity expiration
FDA requests for additional information or studies
Extension of Prescription Drug User Fee Amendments dates
Approval for compassionate use or expanded access programs only
Approval only for export or for use outside the United States
Emergency Use Authorization (EUA) without full approval
Complete Response Letters (CRLs) indicating the application cannot be approved in its current form

This market will immediately resolve to ""No"" if the FDA issues a Complete Response Letter (CRL) or explicitly declines to approve the application. If the drug sponsor withdraws the application before the end of the specified period, the market will resolve to ""No"" immediately.

If the listed drug is approved before the end of the specified period, the market will resolve to ""Yes,"" regardless of potential Advisory Committee votes against approval or later withdrawal of approval.

Conditional approvals may include post-marketing requirements or commitments and still qualify.

The primary resolution source will be official information from the FDA; however, a consensus of credible reporting will also be used.","business,drug,fda,medicine,science,tech"
556092,fda-approves-unicycive-oxylanthanum-carbonate-06-29-2026,FDA approves Unicycive's Oxylanthanum carbonate?,FDA approves Unicycive's Oxylanthanum carbonate?,0x2f11d2ff4a5443460598be5551c5d21709a4140239ad6447c77989131e7dd881,57236356231501397079333811882627607956737916159788357580272439498254658662234,21029090013383714366693778505340244379763615288591271873186915014610586268360,False,True,"[""Yes"", ""No""]",0.765,0.235,0.72,,2026-06-04T20:04:27.145501Z,2026-06-29T00:00:00Z,,,3429.7845929999994,1072.2932,20.0,,,,0.03,0.75,0.78,,"As of market creation, the FDA's expected decision date for the specified application is June 29, 2026.

This market will resolve to ""Yes"" if the U.S. Food and Drug Administration (FDA) grants full or conditional approval for Unicycive's Oxylanthanum carbonate as a treatment for hyperphosphatemia in CKD patients on dialysis by July 13, 2026, 11:59 PM ET. Otherwise, this market will resolve to ""No.""

An approval is defined as:
For new drugs: FDA issuance of an approval letter for a New Drug Application (NDA) or Biologics License Application (BLA)
For already-marketed drugs seeking new indications: FDA approval of a supplemental NDA (sNDA) or supplemental BLA (sBLA) for the specific indication referenced
For generic drugs: FDA approval of an Abbreviated New Drug Application (ANDA)
For biosimilars: FDA approval of a 351(k) application

The following constitute qualifying approvals:
Standard approval (traditional approval based on clinical benefit), Accelerated approval (based on surrogate endpoints), Approval with Risk Evaluation and Mitigation Strategy (REMS), Approval with restricted distribution or indication limitations, except compassionate use/expanded access programs

The following do not constitute qualifying approvals:
Approvable letters that require additional actions before approval
Tentative approvals pending patent or exclusivity expiration
FDA requests for additional information or studies
Extension of Prescription Drug User Fee Amendments dates
Approval for compassionate use or expanded access programs only
Approval only for export or for use outside the United States
Emergency Use Authorization (EUA) without full approval
Complete Response Letters (CRLs) indicating the application cannot be approved in its current form

This market will immediately resolve to ""No"" if the FDA issues a Complete Response Letter (CRL) or explicitly declines to approve the application. If the drug sponsor withdraws the application before the end of the specified period, the market will resolve to ""No"" immediately.

If the listed drug is approved before the end of the specified period, the market will resolve to ""Yes,"" regardless of potential Advisory Committee votes against approval or later withdrawal of approval.

Conditional approvals may include post-marketing requirements or commitments and still qualify.

The primary resolution source will be official information from the FDA; however, a consensus of credible reporting will also be used.","business,drug,fda,medicine,science,tech"
556116,fda-approves-viridian-therapeutics-veligrotug-06-30-2026,FDA approves Viridian Therapeutics' Veligrotug?,FDA approves Viridian Therapeutics' Veligrotug?,0xebbcaedbd2ab0c9e8aef9fce18af2322657f15326ab419e4271a6708d5024741,998551630088519161733333705538873405055359592430918272762879243823110139076,94941213406340806045557755753797378247822133257915957054702804581499829802358,False,True,"[""Yes"", ""No""]",0.735,0.265,0.72,,2026-06-04T20:04:30.210685Z,2026-06-30T00:00:00Z,,,2568.519419999999,1264.8107,435.42777600000005,0.02,,,0.05,0.71,0.76,,"As of market creation, the FDA's expected decision date for the specified application is June 30, 2026.

This market will resolve to ""Yes"" if the U.S. Food and Drug Administration (FDA) grants full or conditional approval for Viridian Therapeutics's Veligrotug as a treatment for thyroid eye disease by July 14, 2026, 11:59 PM ET. Otherwise, this market will resolve to ""No.""

An approval is defined as:
For new drugs: FDA issuance of an approval letter for a New Drug Application (NDA) or Biologics License Application (BLA)
For already-marketed drugs seeking new indications: FDA approval of a supplemental NDA (sNDA) or supplemental BLA (sBLA) for the specific indication referenced
For generic drugs: FDA approval of an Abbreviated New Drug Application (ANDA)
For biosimilars: FDA approval of a 351(k) application

The following constitute qualifying approvals:
Standard approval (traditional approval based on clinical benefit), Accelerated approval (based on surrogate endpoints), Approval with Risk Evaluation and Mitigation Strategy (REMS), Approval with restricted distribution or indication limitations, except compassionate use/expanded access programs

The following do not constitute qualifying approvals:
Approvable letters that require additional actions before approval
Tentative approvals pending patent or exclusivity expiration
FDA requests for additional information or studies
Extension of Prescription Drug User Fee Amendments dates
Approval for compassionate use or expanded access programs only
Approval only for export or for use outside the United States
Emergency Use Authorization (EUA) without full approval
Complete Response Letters (CRLs) indicating the application cannot be approved in its current form

This market will immediately resolve to ""No"" if the FDA issues a Complete Response Letter (CRL) or explicitly declines to approve the application. If the drug sponsor withdraws the application before the end of the specified period, the market will resolve to ""No"" immediately.

If the listed drug is approved before the end of the specified period, the market will resolve to ""Yes,"" regardless of potential Advisory Committee votes against approval or later withdrawal of approval.

Conditional approvals may include post-marketing requirements or commitments and still qualify.

The primary resolution source will be official information from the FDA; however, a consensus of credible reporting will also be used.","business,drug,fda,medicine,science,tech"
556094,fda-approves-ionis-olezarsen-06-30-2026,FDA approves Ionis' Olezarsen?,FDA approves Ionis' Olezarsen?,0xe15a1b92153dcc68c313b3601cb230f9d3b3b1eff180ae5f98ee350fbf352e6e,18478356096311768507525181003099343533673988861855446773599807234745588398226,48103501461697647160044534931374305477294950808194962645947470346168910609658,False,True,"[""Yes"", ""No""]",0.83,0.17,0.78,,2026-06-04T20:04:29.166658Z,2026-06-30T00:00:00Z,,,2100.766675,1657.2384,490.9687,0.085,,,0.06,0.8,0.86,"The FDA's February 2026 acceptance of Ionis' supplemental new drug application for olezarsen in severe hypertriglyceridemia, paired with Priority Review and a June 30, 2026 PDUFA target, anchors the 83.5% market-implied odds for approval. The antisense oligonucleotide already holds FDA clearance for the related familial chylomicronemia syndrome indication since late 2024, and it earned Breakthrough Therapy designation in December 2025 following robust Phase 3 CORE and CORE2 data showing clinically meaningful triglyceride reductions. These regulatory milestones and demonstrated efficacy in lowering apoC-III-driven lipid levels underpin trader consensus ahead of the imminent decision date, though any late-stage safety findings could still alter the outcome.","As of market creation, the FDA's expected decision date for the specified application is June 30, 2026.

This market will resolve to ""Yes"" if the U.S. Food and Drug Administration (FDA) grants full or conditional approval for Ionis's Olezarsen as a treatment for severe hypertriglyceridemia by July 14, 2026, 11:59 PM ET. Otherwise, this market will resolve to ""No.""

An approval is defined as:
For new drugs: FDA issuance of an approval letter for a New Drug Application (NDA) or Biologics License Application (BLA)
For already-marketed drugs seeking new indications: FDA approval of a supplemental NDA (sNDA) or supplemental BLA (sBLA) for the specific indication referenced
For generic drugs: FDA approval of an Abbreviated New Drug Application (ANDA)
For biosimilars: FDA approval of a 351(k) application

The following constitute qualifying approvals:
Standard approval (traditional approval based on clinical benefit), Accelerated approval (based on surrogate endpoints), Approval with Risk Evaluation and Mitigation Strategy (REMS), Approval with restricted distribution or indication limitations, except compassionate use/expanded access programs

The following do not constitute qualifying approvals:
Approvable letters that require additional actions before approval
Tentative approvals pending patent or exclusivity expiration
FDA requests for additional information or studies
Extension of Prescription Drug User Fee Amendments dates
Approval for compassionate use or expanded access programs only
Approval only for export or for use outside the United States
Emergency Use Authorization (EUA) without full approval
Complete Response Letters (CRLs) indicating the application cannot be approved in its current form

This market will immediately resolve to ""No"" if the FDA issues a Complete Response Letter (CRL) or explicitly declines to approve the application. If the drug sponsor withdraws the application before the end of the specified period, the market will resolve to ""No"" immediately.

If the listed drug is approved before the end of the specified period, the market will resolve to ""Yes,"" regardless of potential Advisory Committee votes against approval or later withdrawal of approval.

Conditional approvals may include post-marketing requirements or commitments and still qualify.

The primary resolution source will be official information from the FDA; however, a consensus of credible reporting will also be used.","business,drug,fda,medicine,science,tech"
158107,fda-approves-retatrutide-this-year,FDA approves Retatrutide this year?,FDA approves Retatrutide this year?,0xa9e844555c3aeac59e6104f266bee4ce930b6941fbea4053eb1ab440cdc4ea8e,37046612607917670308080402239015003453544974634272162340833828461002861888000,88804198326803208210051239842322035314858564707784139836567124873063625803223,False,True,"[""Yes"", ""No""]",0.125,0.875,0.13,,2026-01-12T23:09:01.744068Z,2026-12-31T00:00:00Z,,,569165.698007999,4595.3995,225.4,0.01,-0.065,-0.125,0.01,0.12,0.13,"Recent positive Phase 3 data from Eli Lilly’s TRIUMPH-1 trial, announced in May 2026, showed retatrutide—a triple GIP/GLP-1/glucagon receptor agonist—producing average weight reductions up to 28.3% at 80 weeks in adults with obesity, alongside improvements in cardiovascular risk markers. However, multiple additional TRIUMPH studies remain ongoing or only recently completed, with no New Drug Application filed as of early June 2026. Standard FDA review timelines of 10–12 months after submission make approval before year-end improbable, aligning with the 87.5% market-implied probability for “No.” Key upcoming catalysts include further Phase 3 readouts and potential NDA timing in late 2026.","Retatrutide is a triple agonist hormone/peptide drug developed by Eli Lilly and currently in trial to treat obesity, fatty liver disease, type-2 diabetes, knee osteoarthritis, and more.

This market will resolve to ""Yes"" if the U.S. Food and Drug Administration (FDA) grants a full or conditional approval for Eli Lilly’s for a drug product whose active ingredient is Eli Lilly’s retatrutide (including any brand name or identifier such as LY3437943) for any use between market creation and December 31, 2026, 11:59 PM ET. Otherwise, this market will resolve to ""No.""

An approval is defined as:
For new drugs: FDA issuance of an approval letter for a New Drug Application (NDA) or Biologics License Application (BLA)
For already-marketed drugs seeking new indications: FDA approval of a supplemental NDA (sNDA) or supplemental BLA (sBLA) for the specific indication referenced
For generic drugs: FDA approval of an Abbreviated New Drug Application (ANDA)
For biosimilars: FDA approval of a 351(k) application

The following constitute qualifying approvals:
Standard approval (traditional approval based on clinical benefit), Accelerated approval (based on surrogate endpoints), Approval with Risk Evaluation and Mitigation Strategy (REMS), Approval with restricted distribution or indication limitations, except compassionate use/expanded access programs

The following do not constitute qualifying approvals:
Approvable letters that require additional actions before approval
Tentative approvals pending patent or exclusivity expiration
FDA requests for additional information or studies
Extension of Prescription Drug User Fee Amendments dates
Approval for compassionate use or expanded access programs only
Approval only for export or for use outside the United States
Emergency Use Authorization (EUA) without full approval
Complete Response Letters (CRLs) indicating the application cannot be approved in its current form

If the listed drug is approved within this market’s timeframe, the market will resolve to ""Yes,"" regardless of potential Advisory Committee votes against approval or later withdrawal of approval.

Conditional approvals may include post-marketing requirements or commitments and still qualify.

The primary resolution source will be official information from the FDA; however, a consensus of credible reporting will also be used.","chinese-peptides,drug,eli-lilly,fda,glp,science,tech"
482084,fda-approves-daraxonrasib-this-year,FDA approves Daraxonrasib this year?,FDA approves Daraxonrasib this year?,0xc98bbd47829f1ce2577a077122c6c2ad92f81c8a0121ff76d35228db8fe06fd9,14198965093737338776663839616761235146430455916053982124683200078400155180082,42785756387951692457807930787259017290684698484622152409513593503231430104901,False,True,"[""Yes"", ""No""]",0.705,0.295,0.75,,2026-05-13T21:54:50.450656Z,2026-12-31T00:00:00Z,,,66.18380099999999,1760.6615,,0.015,0.005,,0.09,0.66,0.75,"Positive phase 3 trial data for daraxonrasib, a RAS(ON) multi-selective inhibitor targeting KRAS G12 mutations in previously treated metastatic pancreatic ductal adenocarcinoma, underpin the 70.5% market-implied odds of FDA approval in 2026. The results showed median overall survival of 13.2 months versus 6.7 months with chemotherapy, with manageable safety, prompting a New England Journal of Medicine publication and plans for New Drug Application submission. Supporting factors include prior Breakthrough Therapy and Orphan Drug designations, the FDA Commissioner’s National Priority Voucher for accelerated review, and rapid May 2026 approval of an expanded access protocol. While full regulatory evaluation carries inherent uncertainty, the strength of the efficacy data and expedited pathways align with trader consensus favoring timely approval.","Daraxonrasib is an RAS inhibitor drug developed by Revolution Medicines and currently in trial to treat RAS-mutated cancers.

This market will resolve to ""Yes"" if the U.S. Food and Drug Administration (FDA) grants a full or conditional approval for a drug product whose active ingredient is Revolution Medicines’ daraxonrasib (including any brand name or identifier) for any use between market creation and December 31, 2026, 11:59 PM ET. Otherwise, this market will resolve to ""No.""

An approval is defined as:
For new drugs: FDA issuance of an approval letter for a New Drug Application (NDA) or Biologics License Application (BLA)
For already-marketed drugs seeking new indications: FDA approval of a supplemental NDA (sNDA) or supplemental BLA (sBLA) for the specific indication referenced
For generic drugs: FDA approval of an Abbreviated New Drug Application (ANDA)
For biosimilars: FDA approval of a 351(k) application

The following constitute qualifying approvals:
Standard approval (traditional approval based on clinical benefit), Accelerated approval (based on surrogate endpoints), Approval with Risk Evaluation and Mitigation Strategy (REMS), Approval with restricted distribution or indication limitations, except compassionate use/expanded access programs

The following do not constitute qualifying approvals:
Approvable letters that require additional actions before approval
Tentative approvals pending patent or exclusivity expiration
FDA requests for additional information or studies
Extension of Prescription Drug User Fee Amendments dates
Approval for compassionate use or expanded access programs only
Approval only for export or for use outside the United States
Emergency Use Authorization (EUA) without full approval
Complete Response Letters (CRLs) indicating the application cannot be approved in its current form

If the listed drug is approved within this market’s timeframe, the market will resolve to ""Yes,"" regardless of potential Advisory Committee votes against approval or later withdrawal of approval.

Conditional approvals may include post-marketing requirements or commitments and still qualify.

The primary resolution source will be official information from the FDA; however, a consensus of credible reporting will also be used.","cancer,drug,research,science,tech"
26351,fda-approves-mercks-clesrovimab-infant-rsv-prevention-mk1654,FDA approves Merck’s clesrovimab infant RSV prevention (MK‑1654)?,FDA approves Merck’s clesrovimab infant RSV prevention (MK‑1654)?,0x108e7a674ae7c86ff698b50833e2c8ee8d02bc336cc3ca1a2c42bc348cbbc738,110277767978162820657507122560579831140491170286088857058778075751412428867594,70799734104664715408631734640682620690445973392429122858338693410839545371422,True,True,"[""Yes"", ""No""]",1.0,0.0,1.0,True,2025-06-08T19:18:24.516597Z,2025-06-17T00:00:00Z,2025-06-09T22:31:09Z,resolved,22545.146532,,,0.2745,,,0.001,0.999,1.0,,"This market will resolve to ""Yes"" if the U.S. Food and Drug Administration (FDA) grants full or conditional approval for Merck’s biologics license application (BLA) for clesrovimab (MK‑1654) as a preventive treatment for respiratory syncytial virus (RSV) in infants by June 17, 2025, 11:59 PM ET. Otherwise, this market will resolve to ""No"".

This market will immediately resolve to ""No"" if the FDA issues a Complete Response Letter (CRL), explicitly declines to approve the application. 

Conditional approvals may include post-marketing requirements or commitments and still qualify.

The primary resolution source will be official information from the FDA, however a consensus of credible reporting may also be used.","drug,science,tech"
27386,fda-approves-gileads-lenacapavir-for-treating-hiv-human-immunodeficiency-virus,FDA approves Gilead’s lenacapavir for treating HIV?,FDA approves Gilead’s lenacapavir for treating HIV?,0x11039e885cdc6019a73715569da44dd3577debdaf54a7a85f107e345dd5cc97d,74791633337136725287146513478286073837277086591109537091868763217922592268760,100245270205360204116456694799691889005020264135408401386104160729238938332731,True,True,"[""Yes"", ""No""]",1.0,0.0,1.0,True,2025-06-17T19:14:28.530363Z,2025-06-19T00:00:00Z,2025-06-19T21:40:30Z,resolved,2350.317921,,,0.1445,,,0.001,0.999,1.0,,"This market will resolve to ""Yes"" if the U.S. Food and Drug Administration (FDA) grants full or conditional approval for Gilead Sciences’ new biologics license application (BLA) for lenacapavir as a treatment for Human Immunodeficiency Virus (HIV) by June 19, 2025, 11:59 PM ET. Otherwise, this market will resolve to ""No.""

This market will immediately resolve to ""No"" if the FDA issues a Complete Response Letter (CRL) or explicitly declines to approve the application.

Conditional approvals may include post-marketing requirements or commitments and still qualify.

The primary resolution source will be official information from the FDA, however a consensus of credible reporting may also be used.","drug,lenacapavir,science,tech"
27387,fda-approves-regenerons-dupixent-for-bullous-pemphigoid,FDA approves Regeneron’s Dupixent for bullous pemphigoid?,FDA approves Regeneron’s Dupixent for bullous pemphigoid?,0x7a8c707fb249d07d578a30ec22f2532eda55b76784e1bf0e52d64802209e0f0a,37902457167646020963555508078364664470789926779920405813583006586167437354191,93600988969670469055293850776956701763464484153216450740444067950619095530716,True,True,"[""Yes"", ""No""]",1.0,0.0,1.0,True,2025-06-17T19:14:28.642678Z,2025-06-20T00:00:00Z,2025-06-20T21:32:00Z,resolved,1919.387324,,,0.0945,,,0.001,0.999,1.0,,"This market will resolve to ""Yes"" if the U.S. Food and Drug Administration (FDA) grants full or conditional approval for Regeneron Pharmaceuticals’ biologics license application (BLA) or supplemental BLA (sBLA) for Dupixent® (dupilumab) as a treatment for bullous pemphigoid by June 20, 2025, 11:59 PM ET. Otherwise, this market will resolve to ""No.""

This market will immediately resolve to ""No"" if the FDA issues a Complete Response Letter (CRL) or explicitly declines to approve the application.

Conditional approvals may include post-marketing requirements or commitments and still qualify.

The primary resolution source will be official information from the FDA, however a consensus of credible reporting may also be used.","drug,science,tech"
27388,fda-approves-unicycives-oxylanthanum-carbonate-olc,FDA approves Unicycive’s Oxylanthanum Carbonate (OLC)?,FDA approves Unicycive’s Oxylanthanum Carbonate (OLC)?,0x5131c98cc047dbac6e1ddff731a4a93eb324d6e53af50e0666cbb8577796b373,90140632606532291798028550064951179378171078197356535523151182406547898494537,91336239869542354376404227455553237934085467844968937714455351648668728669495,True,True,"[""Yes"", ""No""]",0.0,1.0,1.0,False,2025-06-17T19:14:31.301016Z,2025-06-28T00:00:00Z,2025-06-29T14:28:42Z,resolved,3380.469781,,,-0.075,-0.41,,0.15,,0.15,,"This market will resolve to ""Yes"" if the U.S. Food and Drug Administration (FDA) grants full or conditional approval for Unicycive Therapeutics’ new drug application (NDA) for Oxylanthanum Carbonate (OLC) as a treatment for hyperphosphatemia in patients with chronic kidney disease (CKD) by June 28, 2025, 11:59 PM ET. Otherwise, this market will resolve to ""No.""

This market will immediately resolve to ""No"" if the FDA issues a Complete Response Letter (CRL) or explicitly declines to approve the application.

Conditional approvals may include post-marketing requirements or commitments and still qualify.

The primary resolution source will be official information from the FDA, however a consensus of credible reporting may also be used.","drug,science,tech"
34547,fda-approves-lenz-therapeutics-lnz100-for-presbyopia-by-august-31,FDA approves LENZ Therapeutics’ LNZ100 for presbyopia by August 31?,FDA approves LENZ Therapeutics’ LNZ100 for presbyopia by August 31?,0xd37923db43e10042a9b43cbba87485ecc09408b713bd52a1cd33305bd836c373,41193387401863684510473689608354395818640779163807004224493207514422228862984,61595128362696317276283304452609666748816686682740946530157967712825478530694,True,True,"[""Yes"", ""No""]",1.0,0.0,1.0,True,2025-07-29T15:26:42.929592Z,2025-08-08T16:00:00Z,2025-08-01T15:00:30Z,resolved,6612.910604,,,0.2085,,,0.001,0.999,1.0,,"This market will resolve to ""Yes"" if the U.S. Food and Drug Administration (FDA) grants full or conditional approval for LENZ Therapeutics’ LNZ100 as a treatment for presbyopia by August 31, 2025, 11:59 PM ET. Otherwise, this market will resolve to ""No.""

An approval is defined as:
For new drugs: FDA issuance of an approval letter for a New Drug Application (NDA) or Biologics License Application (BLA)
For already-marketed drugs seeking new indications: FDA approval of a supplemental NDA (sNDA) or supplemental BLA (sBLA) for the specific indication referenced
For generic drugs: FDA approval of an Abbreviated New Drug Application (ANDA)
For biosimilars: FDA approval of a 351(k) application

The following constitute qualifying approvals:
Standard approval (traditional approval based on clinical benefit), Accelerated approval (based on surrogate endpoints), Approval with Risk Evaluation and Mitigation Strategy (REMS), Approval with restricted distribution or indication limitations, except compassionate use/expanded access programs

The following do not constitute qualifying approvals:
Approvable letters that require additional actions before approval
Tentative approvals pending patent or exclusivity expiration
FDA requests for additional information or studies
Extension of Prescription Drug User Fee Amendments dates
Approval for compassionate use or expanded access programs only
Approval only for export or for use outside the United States
Emergency Use Authorization (EUA) without full approval
Complete Response Letters (CRLs) indicating the application cannot be approved in its current form

This market will immediately resolve to ""No"" if the FDA issues a Complete Response Letter (CRL) or explicitly declines to approve the application. If the drug sponsor withdraws the application before the end of the month, the market will resolve to ""No"" immediately.

If the listed drug is approved before the end of the month, the market will resolve to ""Yes,"" regardless of potential Advisory Committee votes against approval or later withdrawal of approval.

Conditional approvals may include post-marketing requirements or commitments and still qualify.

The primary resolution source will be official information from the FDA; however, a consensus of credible reporting will also be used.","drug,science,tech"
34548,fda-approves-pharmather-holdings-ketamine-by-august-31,FDA approves PharmaTher Holdings’ Ketamine?,FDA approves PharmaTher Holdings’ Ketamine?,0x0ed02c34f9d55d1500ff2ba8e205cb7f75dd48904d5efd3ea362b9510cc793c2,97406041229647566345606202639672101928689384218992306010706541144530593807267,63474464408802694572995609929671569171112818588381896190318206801959189204575,True,True,"[""Yes"", ""No""]",1.0,0.0,1.0,True,2025-07-29T15:26:43.50924Z,2025-08-09T16:00:00Z,2025-08-12T06:00:48Z,resolved,6505.462245,,,0.828,0.8045,,0.001,0.999,1.0,,"This market will resolve to ""Yes"" if the U.S. Food and Drug Administration (FDA) grants full or conditional approval for PharmaTher Holdings Ltd.’s Ketamine as a treatment for anesthesia, sedation, pain, mental health, or neurological indications by August 31, 2025, 11:59 PM ET. Otherwise, this market will resolve to ""No.""

An approval is defined as:
For new drugs: FDA issuance of an approval letter for a New Drug Application (NDA) or Biologics License Application (BLA)
For already-marketed drugs seeking new indications: FDA approval of a supplemental NDA (sNDA) or supplemental BLA (sBLA) for the specific indication referenced
For generic drugs: FDA approval of an Abbreviated New Drug Application (ANDA)
For biosimilars: FDA approval of a 351(k) application

The following constitute qualifying approvals:
Standard approval (traditional approval based on clinical benefit), Accelerated approval (based on surrogate endpoints), Approval with Risk Evaluation and Mitigation Strategy (REMS), Approval with restricted distribution or indication limitations, except compassionate use/expanded access programs

The following do not constitute qualifying approvals:
Approvable letters that require additional actions before approval
Tentative approvals pending patent or exclusivity expiration
FDA requests for additional information or studies
Extension of Prescription Drug User Fee Amendments dates
Approval for compassionate use or expanded access programs only
Approval only for export or for use outside the United States
Emergency Use Authorization (EUA) without full approval
Complete Response Letters (CRLs) indicating the application cannot be approved in its current form

This market will immediately resolve to ""No"" if the FDA issues a Complete Response Letter (CRL) or explicitly declines to approve the application. If the drug sponsor withdraws the application before the end of the month, the market will resolve to ""No"" immediately.

If the listed drug is approved before the end of the month, the market will resolve to ""Yes,"" regardless of potential Advisory Committee votes against approval or later withdrawal of approval.

Conditional approvals may include post-marketing requirements or commitments and still qualify.

The primary resolution source will be official information from the FDA; however, a consensus of credible reporting will also be used.","drug,science,tech"
34549,fda-approves-insmeds-brensocatib-for-bronchiectasis-by-august-31,FDA approves Insmed’s Brensocatib for bronchiectasis?,FDA approves Insmed’s Brensocatib for bronchiectasis?,0xcbfdb4244b408a9b37bfdfb1b1489ca1a4e7901ee21d178beccfc6de2a11698c,26113043283557318483122134496165485549290307169614775819960973654150293464539,87977984603609058684300417056970055498591987155559358910067368653985018440021,True,True,"[""Yes"", ""No""]",1.0,0.0,1.0,True,2025-07-29T15:26:42.300923Z,2025-08-12T16:00:00Z,2025-08-13T00:56:39Z,resolved,1921.188085,,,0.2295,0.3395,,0.001,0.999,1.0,,"This market will resolve to ""Yes"" if the U.S. Food and Drug Administration (FDA) grants full or conditional approval for Insmed Inc.’s brensocatib as a treatment for non‑cystic fibrosis bronchiectasis by August 31, 2025, 11:59 PM ET. Otherwise, this market will resolve to ""No.""

An approval is defined as:
For new drugs: FDA issuance of an approval letter for a New Drug Application (NDA) or Biologics License Application (BLA)
For already-marketed drugs seeking new indications: FDA approval of a supplemental NDA (sNDA) or supplemental BLA (sBLA) for the specific indication referenced
For generic drugs: FDA approval of an Abbreviated New Drug Application (ANDA)
For biosimilars: FDA approval of a 351(k) application

The following constitute qualifying approvals:
Standard approval (traditional approval based on clinical benefit), Accelerated approval (based on surrogate endpoints), Approval with Risk Evaluation and Mitigation Strategy (REMS), Approval with restricted distribution or indication limitations, except compassionate use/expanded access programs

The following do not constitute qualifying approvals:
Approvable letters that require additional actions before approval
Tentative approvals pending patent or exclusivity expiration
FDA requests for additional information or studies
Extension of Prescription Drug User Fee Amendments dates
Approval for compassionate use or expanded access programs only
Approval only for export or for use outside the United States
Emergency Use Authorization (EUA) without full approval
Complete Response Letters (CRLs) indicating the application cannot be approved in its current form

This market will immediately resolve to ""No"" if the FDA issues a Complete Response Letter (CRL) or explicitly declines to approve the application. If the drug sponsor withdraws the application before the end of the month, the market will resolve to ""No"" immediately.

If the listed drug is approved before the end of the month, the market will resolve to ""Yes,"" regardless of potential Advisory Committee votes against approval or later withdrawal of approval.

Conditional approvals may include post-marketing requirements or commitments and still qualify.

The primary resolution source will be official information from the FDA; however, a consensus of credible reporting will also be used.","drug,science,tech"
34550,fda-approves-tonix-pharmaceuticals-tnx-102-sl-for-fibromyalgia-by-august-31,FDA approves Tonix Pharmaceuticals’ TNX-102 SL for fibromyalgia?,FDA approves Tonix Pharmaceuticals’ TNX-102 SL for fibromyalgia?,0x200439a7855c3552f9bec7518f41d4849716d3b504fe83bd530323f967bcf301,81099528736644917415469844895895949507847030424039865673941868457711573185841,24322347146954326197145259777498689486965607685901566049716807979486100392351,True,True,"[""Yes"", ""No""]",1.0,0.0,1.0,True,2025-07-29T15:26:42.946114Z,2025-08-15T16:00:00Z,2025-08-16T06:49:40Z,resolved,916.45557,,,0.245,0.5,,0.01,0.99,1.0,,"This market will resolve to ""Yes"" if the U.S. Food and Drug Administration (FDA) grants full or conditional approval for Tonix Pharmaceuticals’ TNX-102 SL as a treatment for fibromyalgia by August 31, 2025, 11:59 PM ET. Otherwise, this market will resolve to ""No.""

An approval is defined as:
For new drugs: FDA issuance of an approval letter for a New Drug Application (NDA) or Biologics License Application (BLA)
For already-marketed drugs seeking new indications: FDA approval of a supplemental NDA (sNDA) or supplemental BLA (sBLA) for the specific indication referenced
For generic drugs: FDA approval of an Abbreviated New Drug Application (ANDA)
For biosimilars: FDA approval of a 351(k) application

The following constitute qualifying approvals:
Standard approval (traditional approval based on clinical benefit), Accelerated approval (based on surrogate endpoints), Approval with Risk Evaluation and Mitigation Strategy (REMS), Approval with restricted distribution or indication limitations, except compassionate use/expanded access programs

The following do not constitute qualifying approvals:
Approvable letters that require additional actions before approval
Tentative approvals pending patent or exclusivity expiration
FDA requests for additional information or studies
Extension of Prescription Drug User Fee Amendments dates
Approval for compassionate use or expanded access programs only
Approval only for export or for use outside the United States
Emergency Use Authorization (EUA) without full approval
Complete Response Letters (CRLs) indicating the application cannot be approved in its current form

This market will immediately resolve to ""No"" if the FDA issues a Complete Response Letter (CRL) or explicitly declines to approve the application. If the drug sponsor withdraws the application before the end of the month, the market will resolve to ""No"" immediately.

If the listed drug is approved before the end of the month, the market will resolve to ""Yes,"" regardless of potential Advisory Committee votes against approval or later withdrawal of approval.

Conditional approvals may include post-marketing requirements or commitments and still qualify.

The primary resolution source will be official information from the FDA; however, a consensus of credible reporting will also be used.","drug,science,tech"
34570,fda-approves-ux111,FDA approves UX111?,FDA approves UX111?,0x032963ccc792728f2bba86bfd6dc5e4298088e5e3b7b2e71f3d41061d1536147,13783670567537722742033458543913413354181983476910968934688207822905305695062,9366371954563428207522237010786169178466714475606664979483578141765192277870,True,True,"[""Yes"", ""No""]",0.0,1.0,0.001,False,2025-07-29T15:41:19.648087Z,2025-08-18T16:00:00Z,2025-09-01T06:24:46Z,resolved,41440.025059,0.0,,0.0005,-0.0025,-0.0225,0.007,,0.007,,"This market will resolve to ""Yes"" if the U.S. Food and Drug Administration (FDA) grants full or conditional approval for Ultragenyx Pharmaceutical Inc.'s and Abeona Therapeutics' UX111 (also known as ABO-102), an AAV gene therapy for the treatment of Sanfilippo syndrome type A (MPS IIIA), by August 31, 2025, 11:59 PM ET. Otherwise, this market will resolve to ""No.""

An approval is defined as:
For new drugs: FDA issuance of an approval letter for a New Drug Application (NDA) or Biologics License Application (BLA)
For already-marketed drugs seeking new indications: FDA approval of a supplemental NDA (sNDA) or supplemental BLA (sBLA) for the specific indication referenced
For generic drugs: FDA approval of an Abbreviated New Drug Application (ANDA)
For biosimilars: FDA approval of a 351(k) application

The following constitute qualifying approvals:
Standard approval (traditional approval based on clinical benefit), Accelerated approval (based on surrogate endpoints), Approval with Risk Evaluation and Mitigation Strategy (REMS), Approval with restricted distribution or indication limitations, except compassionate use/expanded access programs

The following do not constitute qualifying approvals:
Approvable letters that require additional actions before approval
Tentative approvals pending patent or exclusivity expiration
FDA requests for additional information or studies
Extension of Prescription Drug User Fee Amendments dates
Approval for compassionate use or expanded access programs only
Approval only for export or for use outside the United States
Emergency Use Authorization (EUA) without full approval
Complete Response Letters (CRLs) indicating the application cannot be approved in its current form

This market will immediately resolve to ""No"" if the FDA issues a Complete Response Letter (CRL) or explicitly declines to approve the application. If the drug sponsor withdraws the application before the end of the month, the market will resolve to ""No"" immediately.

If the listed drug is approved before the end of the month, the market will resolve to ""Yes,"" regardless of potential Advisory Committee votes against approval or later withdrawal of approval. 

Conditional approvals may include post-marketing requirements or commitments and still qualify.

The primary resolution source will be official information from the FDA; however, a consensus of credible reporting will also be used.","drug,science,tech"
34571,fda-approves-dordaviprone,FDA approves Dordaviprone?,FDA approves Dordaviprone?,0xa0d5b03a433c5f7928ba7f10d7a1f6a37852e4b5b841b8d7ba58980d9e64142d,76628419154947670081036820659796925735587332776513135303430316833969427000162,73379400047247392373901855763534279776008913837962621878817655780902532971045,True,True,"[""Yes"", ""No""]",1.0,0.0,1.0,True,2025-07-29T15:41:19.649678Z,2025-08-18T16:00:00Z,2025-08-07T06:14:51Z,resolved,14181.464474,,,0.2795,0.295,,0.006,0.993,0.999,,"This market will resolve to ""Yes"" if the U.S. Food and Drug Administration (FDA) grants full or conditional approval for Chimerix, Inc.'s and Jazz Pharmaceuticals' Dordaviprone as a treatment for recurrent H3 K27M-mutant diffuse glioma by August 31, 2025, 11:59 PM ET. Otherwise, this market will resolve to ""No.""

An approval is defined as:
For new drugs: FDA issuance of an approval letter for a New Drug Application (NDA) or Biologics License Application (BLA)
For already-marketed drugs seeking new indications: FDA approval of a supplemental NDA (sNDA) or supplemental BLA (sBLA) for the specific indication referenced
For generic drugs: FDA approval of an Abbreviated New Drug Application (ANDA)
For biosimilars: FDA approval of a 351(k) application

The following constitute qualifying approvals:
Standard approval (traditional approval based on clinical benefit), Accelerated approval (based on surrogate endpoints), Approval with Risk Evaluation and Mitigation Strategy (REMS), Approval with restricted distribution or indication limitations, except compassionate use/expanded access programs

The following do not constitute qualifying approvals:
Approvable letters that require additional actions before approval
Tentative approvals pending patent or exclusivity expiration
FDA requests for additional information or studies
Extension of Prescription Drug User Fee Amendments dates
Approval for compassionate use or expanded access programs only
Approval only for export or for use outside the United States
Emergency Use Authorization (EUA) without full approval
Complete Response Letters (CRLs) indicating the application cannot be approved in its current form

This market will immediately resolve to ""No"" if the FDA issues a Complete Response Letter (CRL) or explicitly declines to approve the application. If the drug sponsor withdraws the application before the end of the month, the market will resolve to ""No"" immediately.

If the listed drug is approved before the end of the month, the market will resolve to ""Yes,"" regardless of potential Advisory Committee votes against approval or later withdrawal of approval. 

Conditional approvals may include post-marketing requirements or commitments and still qualify.

The primary resolution source will be official information from the FDA; however, a consensus of credible reporting will also be used.","drug,science,tech"
34568,fda-approves-eylea-hd-by-august-31,FDA approves EYLEA HD?,FDA approves EYLEA HD?,0xd8bf33618342b8f97ef2db07fad4c1facb0934ab60d21f5b5e5a1d382b8269a7,36243485577433892299108653292834249568919233893071779667482687612229838739273,27754487970411878834344315616304366094263896584748903766271808951117586529208,True,True,"[""Yes"", ""No""]",0.0,1.0,1.0,False,2025-07-29T15:41:19.646367Z,2025-08-19T16:00:00Z,2025-09-01T06:29:50Z,resolved,5929.525505,,,0.024,0.0235,-0.7215,0.01,,0.01,,"This market will resolve to ""Yes"" if the U.S. Food and Drug Administration (FDA) grants full or conditional approval for Regeneron Pharmaceuticals' and Bayer AG's EYLEA HD (aflibercept 8 mg) as a treatment for macular edema following retinal vein occlusion and to expand the dosing schedule to include every 4-week dosing across approved indications by August 31, 2025, 11:59 PM ET. Otherwise, this market will resolve to ""No.""

An approval is defined as:
For new drugs: FDA issuance of an approval letter for a New Drug Application (NDA) or Biologics License Application (BLA)
For already-marketed drugs seeking new indications: FDA approval of a supplemental NDA (sNDA) or supplemental BLA (sBLA) for the specific indication referenced
For generic drugs: FDA approval of an Abbreviated New Drug Application (ANDA)
For biosimilars: FDA approval of a 351(k) application

The following constitute qualifying approvals:
Standard approval (traditional approval based on clinical benefit), Accelerated approval (based on surrogate endpoints), Approval with Risk Evaluation and Mitigation Strategy (REMS), Approval with restricted distribution or indication limitations, except compassionate use/expanded access programs

The following do not constitute qualifying approvals:
Approvable letters that require additional actions before approval
Tentative approvals pending patent or exclusivity expiration
FDA requests for additional information or studies
Extension of Prescription Drug User Fee Amendments dates
Approval for compassionate use or expanded access programs only
Approval only for export or for use outside the United States
Emergency Use Authorization (EUA) without full approval
Complete Response Letters (CRLs) indicating the application cannot be approved in its current form

This market will immediately resolve to ""No"" if the FDA issues a Complete Response Letter (CRL) or explicitly declines to approve the application. If the drug sponsor withdraws the application before the end of the month, the market will resolve to ""No"" immediately.

If the listed drug is approved before the end of the month, the market will resolve to ""Yes,"" regardless of potential Advisory Committee votes against approval or later withdrawal of approval. 

Conditional approvals may include post-marketing requirements or commitments and still qualify.

The primary resolution source will be official information from the FDA; however, a consensus of credible reporting will also be used.","drug,science,tech"
34552,fda-approves-ptc-therapeutics-vatiquinone-for-friedreichs-ataxia-by-august-31,FDA approves PTC Therapeutics’ Vatiquinone for Friedreich’s ataxia?,FDA approves PTC Therapeutics’ Vatiquinone for Friedreich’s ataxia?,0x1f485f50d24f005c81a8559571e42849c0cb67ad3d0d1d29e0b572b833645d74,4939687102038669128401154328007008576855061929314380881101431256952634902692,89443927207074596437328157448549305585954048204498035505961547052723454298911,True,True,"[""Yes"", ""No""]",0.0,1.0,1.0,False,2025-07-29T15:26:44.732771Z,2025-08-19T16:00:00Z,2025-08-19T21:40:33Z,resolved,2273.413531,,,-0.33,-0.525,,0.005,0.001,0.006,,"This market will resolve to ""Yes"" if the U.S. Food and Drug Administration (FDA) grants full or conditional approval for PTC Therapeutics’ Vatiquinone as a treatment for Friedreich’s ataxia by August 31, 2025, 11:59 PM ET. Otherwise, this market will resolve to ""No.""

An approval is defined as:
For new drugs: FDA issuance of an approval letter for a New Drug Application (NDA) or Biologics License Application (BLA)
For already-marketed drugs seeking new indications: FDA approval of a supplemental NDA (sNDA) or supplemental BLA (sBLA) for the specific indication referenced
For generic drugs: FDA approval of an Abbreviated New Drug Application (ANDA)
For biosimilars: FDA approval of a 351(k) application

The following constitute qualifying approvals:
Standard approval (traditional approval based on clinical benefit), Accelerated approval (based on surrogate endpoints), Approval with Risk Evaluation and Mitigation Strategy (REMS), Approval with restricted distribution or indication limitations, except compassionate use/expanded access programs

The following do not constitute qualifying approvals:
Approvable letters that require additional actions before approval
Tentative approvals pending patent or exclusivity expiration
FDA requests for additional information or studies
Extension of Prescription Drug User Fee Amendments dates
Approval for compassionate use or expanded access programs only
Approval only for export or for use outside the United States
Emergency Use Authorization (EUA) without full approval
Complete Response Letters (CRLs) indicating the application cannot be approved in its current form

This market will immediately resolve to ""No"" if the FDA issues a Complete Response Letter (CRL) or explicitly declines to approve the application. If the drug sponsor withdraws the application before the end of the month, the market will resolve to ""No"" immediately.

If the listed drug is approved before the end of the month, the market will resolve to ""Yes,"" regardless of potential Advisory Committee votes against approval or later withdrawal of approval.

Conditional approvals may include post-marketing requirements or commitments and still qualify.

The primary resolution source will be official information from the FDA; however, a consensus of credible reporting will also be used.","drug,science,tech"
34567,fda-approves-donidalorsen-for-hereditary-angioedema-by-august-31,FDA approves Donidalorsen?,FDA approves Donidalorsen?,0xa373233812d090d89ee33b933494da4fd6fdec3f28562c121ce9440d76cd8e1b,71178065307270989742843383709085402564544241738278127198369811882431424691379,91897514782738644904309745482243199641940757159688326391426149958521194533100,True,True,"[""Yes"", ""No""]",1.0,0.0,1.0,True,2025-07-29T15:41:19.644945Z,2025-08-21T16:00:00Z,2025-08-21T18:16:57Z,resolved,3507.989942,,,-0.015,0.045,,0.001,0.999,1.0,,"This market will resolve to ""Yes"" if the U.S. Food and Drug Administration (FDA) grants full or conditional approval for Ionis Pharmaceuticals' and Theratechnologies Inc.'s Donidalorsen as a prophylactic treatment to prevent attacks of hereditary angioedema in adult and pediatric patients 12 years of age and older by August 31, 2025, 11:59 PM ET. Otherwise, this market will resolve to ""No.""

An approval is defined as:
For new drugs: FDA issuance of an approval letter for a New Drug Application (NDA) or Biologics License Application (BLA)
For already-marketed drugs seeking new indications: FDA approval of a supplemental NDA (sNDA) or supplemental BLA (sBLA) for the specific indication referenced
For generic drugs: FDA approval of an Abbreviated New Drug Application (ANDA)
For biosimilars: FDA approval of a 351(k) application

The following constitute qualifying approvals:
Standard approval (traditional approval based on clinical benefit), Accelerated approval (based on surrogate endpoints), Approval with Risk Evaluation and Mitigation Strategy (REMS), Approval with restricted distribution or indication limitations, except compassionate use/expanded access programs

The following do not constitute qualifying approvals:
Approvable letters that require additional actions before approval
Tentative approvals pending patent or exclusivity expiration
FDA requests for additional information or studies
Extension of Prescription Drug User Fee Amendments dates
Approval for compassionate use or expanded access programs only
Approval only for export or for use outside the United States
Emergency Use Authorization (EUA) without full approval
Complete Response Letters (CRLs) indicating the application cannot be approved in its current form

This market will immediately resolve to ""No"" if the FDA issues a Complete Response Letter (CRL) or explicitly declines to approve the application. If the drug sponsor withdraws the application before the end of the month, the market will resolve to ""No"" immediately.

If the listed drug is approved before the end of the month, the market will resolve to ""Yes,"" regardless of potential Advisory Committee votes against approval or later withdrawal of approval.

Conditional approvals may include post-marketing requirements or commitments and still qualify.

The primary resolution source will be official information from the FDA; however, a consensus of credible reporting will also be used.","drug,science,tech"
34554,fda-approves-telix-pharmaceuticals-tlx250-cdx-for-kidney-cancer-imaging-by-august-31,FDA approves Telix Pharmaceuticals’ TLX250-CDx for kidney cancer imaging?,FDA approves Telix Pharmaceuticals’ TLX250-CDx for kidney cancer imaging?,0xc1f2b6c96319e7b8a45d1c01d94dbb194d522494c70b29f94c465f96929955dc,31133474803023318034433204158301355071457962043890831522038862081957753230567,35596110373041774759339288701973462554879656879356385426451066282963753816748,True,True,"[""Yes"", ""No""]",0.0,1.0,1.0,False,2025-07-29T15:26:43.524662Z,2025-08-27T16:00:00Z,2025-08-28T17:26:27Z,resolved,2763.495855,,,-0.81,-0.755,-0.81,0.01,,0.01,,"This market will resolve to ""Yes"" if the U.S. Food and Drug Administration (FDA) grants full or conditional approval for Telix Pharmaceuticals’ TLX250-CDx as a PET imaging agent for kidney cancer by August 31, 2025, 11:59 PM ET. Otherwise, this market will resolve to ""No.""

An approval is defined as:
For new drugs: FDA issuance of an approval letter for a New Drug Application (NDA) or Biologics License Application (BLA)
For already-marketed drugs seeking new indications: FDA approval of a supplemental NDA (sNDA) or supplemental BLA (sBLA) for the specific indication referenced
For generic drugs: FDA approval of an Abbreviated New Drug Application (ANDA)
For biosimilars: FDA approval of a 351(k) application

The following constitute qualifying approvals:
Standard approval (traditional approval based on clinical benefit), Accelerated approval (based on surrogate endpoints), Approval with Risk Evaluation and Mitigation Strategy (REMS), Approval with restricted distribution or indication limitations, except compassionate use/expanded access programs

The following do not constitute qualifying approvals:
Approvable letters that require additional actions before approval
Tentative approvals pending patent or exclusivity expiration
FDA requests for additional information or studies
Extension of Prescription Drug User Fee Amendments dates
Approval for compassionate use or expanded access programs only
Approval only for export or for use outside the United States
Emergency Use Authorization (EUA) without full approval
Complete Response Letters (CRLs) indicating the application cannot be approved in its current form

This market will immediately resolve to ""No"" if the FDA issues a Complete Response Letter (CRL) or explicitly declines to approve the application. If the drug sponsor withdraws the application before the end of the month, the market will resolve to ""No"" immediately.

If the listed drug is approved before the end of the month, the market will resolve to ""Yes,"" regardless of potential Advisory Committee votes against approval or later withdrawal of approval.

Conditional approvals may include post-marketing requirements or commitments and still qualify.

The primary resolution source will be official information from the FDA; however, a consensus of credible reporting will also be used.","drug,science,tech"
34555,fda-approves-precigens-prgn-2012-for-recurrent-respiratory-papillomatosis-by-august-31,FDA approves Precigen’s PRGN-2012 for recurrent respiratory papillomatosis?,FDA approves Precigen’s PRGN-2012 for recurrent respiratory papillomatosis?,0x39d843c0baa397863ef665f11c1ef3a36a78d17fee2ac6d8b750910d649a61fc,83585961018070944667069632146073634423958032165106614485948298639870203105115,113071763147473830185660589625807123881446932484990692529104154804581046864565,True,True,"[""Yes"", ""No""]",1.0,0.0,1.0,True,2025-07-29T15:26:44.835713Z,2025-08-27T16:00:00Z,2025-08-15T18:08:52Z,resolved,14765.616324,,,0.05,-0.01,,0.008,0.992,1.0,,"This market will resolve to ""Yes"" if the U.S. Food and Drug Administration (FDA) grants full or conditional approval for Precigen’s PRGN-2012 as a treatment for recurrent respiratory papillomatosis in adults by August 31, 2025, 11:59 PM ET. Otherwise, this market will resolve to ""No.""

An approval is defined as:
For new drugs: FDA issuance of an approval letter for a New Drug Application (NDA) or Biologics License Application (BLA)
For already-marketed drugs seeking new indications: FDA approval of a supplemental NDA (sNDA) or supplemental BLA (sBLA) for the specific indication referenced
For generic drugs: FDA approval of an Abbreviated New Drug Application (ANDA)
For biosimilars: FDA approval of a 351(k) application

The following constitute qualifying approvals:
Standard approval (traditional approval based on clinical benefit), Accelerated approval (based on surrogate endpoints), Approval with Risk Evaluation and Mitigation Strategy (REMS), Approval with restricted distribution or indication limitations, except compassionate use/expanded access programs

The following do not constitute qualifying approvals:
Approvable letters that require additional actions before approval
Tentative approvals pending patent or exclusivity expiration
FDA requests for additional information or studies
Extension of Prescription Drug User Fee Amendments dates
Approval for compassionate use or expanded access programs only
Approval only for export or for use outside the United States
Emergency Use Authorization (EUA) without full approval
Complete Response Letters (CRLs) indicating the application cannot be approved in its current form

This market will immediately resolve to ""No"" if the FDA issues a Complete Response Letter (CRL) or explicitly declines to approve the application. If the drug sponsor withdraws the application before the end of the month, the market will resolve to ""No"" immediately.

If the listed drug is approved before the end of the month, the market will resolve to ""Yes,"" regardless of potential Advisory Committee votes against approval or later withdrawal of approval.

Conditional approvals may include post-marketing requirements or commitments and still qualify.

The primary resolution source will be official information from the FDA; however, a consensus of credible reporting will also be used.","drug,science,tech"
34566,fda-approves-filspari-rems-modification-for-igan-by-august-31,FDA approves FILSPARI REMS modification?,FDA approves FILSPARI REMS modification?,0x7b26a6047d97070281e8f5dd0c1b5773ee7a250bd60e73771547f8ffab68714c,5152369552193106641575216183420075988645807434082598314532961443192755471425,106909330473033853807202925445630459309740220342743218615229125523571950674365,True,True,"[""Yes"", ""No""]",1.0,0.0,1.0,True,2025-07-29T15:41:19.59811Z,2025-08-28T16:00:00Z,2025-08-29T01:33:01Z,resolved,1365.819577,,,0.495,0.35,0.35,0.01,0.99,1.0,,"This market will resolve to ""Yes"" if the U.S. Food and Drug Administration (FDA) grants full or conditional approval for Travere Therapeutics' and Ligand Pharmaceuticals' FILSPARI, requesting modification of the liver monitoring REMS requirement as a treatment for IgA nephropathy (IgAN) by August 31, 2025, 11:59 PM ET. Otherwise, this market will resolve to ""No.""

An approval is defined as:
For new drugs: FDA issuance of an approval letter for a New Drug Application (NDA) or Biologics License Application (BLA)
For already-marketed drugs seeking new indications: FDA approval of a supplemental NDA (sNDA) or supplemental BLA (sBLA) for the specific indication referenced
For generic drugs: FDA approval of an Abbreviated New Drug Application (ANDA)
For biosimilars: FDA approval of a 351(k) application

The following constitute qualifying approvals:
Standard approval (traditional approval based on clinical benefit), Accelerated approval (based on surrogate endpoints), Approval with Risk Evaluation and Mitigation Strategy (REMS), Approval with restricted distribution or indication limitations, except compassionate use/expanded access programs

The following do not constitute qualifying approvals:
Approvable letters that require additional actions before approval
Tentative approvals pending patent or exclusivity expiration
FDA requests for additional information or studies
Extension of Prescription Drug User Fee Amendments dates
Approval for compassionate use or expanded access programs only
Approval only for export or for use outside the United States
Emergency Use Authorization (EUA) without full approval
Complete Response Letters (CRLs) indicating the application cannot be approved in its current form

This market will immediately resolve to ""No"" if the FDA issues a Complete Response Letter (CRL) or explicitly declines to approve the application. If the drug sponsor withdraws the application before the end of the month, the market will resolve to ""No"" immediately.

If the listed drug is approved before the end of the month, the market will resolve to ""Yes,"" regardless of potential Advisory Committee votes against approval or later withdrawal of approval. 

Conditional approvals may include post-marketing requirements or commitments and still qualify.

The primary resolution source will be official information from the FDA; however, a consensus of credible reporting will also be used.","drug,science,tech"
34558,fda-approves-sanofis-rilzabrutinib-for-immune-thrombocytopenia-by-august-31,FDA approves Sanofi’s Rilzabrutinib for immune thrombocytopenia?,FDA approves Sanofi’s Rilzabrutinib for immune thrombocytopenia?,0x5c6f49bbe93a7f2ca9aacd817a70ed39c7922f3f4e3f811dbd7d09101bb9a8e1,86004379767740111850094216304146907339776946612989113918655830339256820823576,94617087183983285791087918970453814166115494731721421476686068284390729399596,True,True,"[""Yes"", ""No""]",1.0,0.0,1.0,True,2025-07-29T15:26:44.832843Z,2025-08-29T16:00:00Z,2025-08-30T01:42:47Z,resolved,2610.411073,,,0.265,0.06,0.315,0.01,0.99,1.0,,"This market will resolve to ""Yes"" if the U.S. Food and Drug Administration (FDA) grants full or conditional approval for Sanofi’s Rilzabrutinib as a treatment for immune thrombocytopenia by August 31, 2025, 11:59 PM ET. Otherwise, this market will resolve to ""No.""

An approval is defined as:
For new drugs: FDA issuance of an approval letter for a New Drug Application (NDA) or Biologics License Application (BLA)
For already-marketed drugs seeking new indications: FDA approval of a supplemental NDA (sNDA) or supplemental BLA (sBLA) for the specific indication referenced
For generic drugs: FDA approval of an Abbreviated New Drug Application (ANDA)
For biosimilars: FDA approval of a 351(k) application

The following constitute qualifying approvals:
Standard approval (traditional approval based on clinical benefit), Accelerated approval (based on surrogate endpoints), Approval with Risk Evaluation and Mitigation Strategy (REMS), Approval with restricted distribution or indication limitations, except compassionate use/expanded access programs

The following do not constitute qualifying approvals:
Approvable letters that require additional actions before approval
Tentative approvals pending patent or exclusivity expiration
FDA requests for additional information or studies
Extension of Prescription Drug User Fee Amendments dates
Approval for compassionate use or expanded access programs only
Approval only for export or for use outside the United States
Emergency Use Authorization (EUA) without full approval
Complete Response Letters (CRLs) indicating the application cannot be approved in its current form

This market will immediately resolve to ""No"" if the FDA issues a Complete Response Letter (CRL) or explicitly declines to approve the application. If the drug sponsor withdraws the application before the end of the month, the market will resolve to ""No"" immediately.

If the listed drug is approved before the end of the month, the market will resolve to ""Yes,"" regardless of potential Advisory Committee votes against approval or later withdrawal of approval.

Conditional approvals may include post-marketing requirements or commitments and still qualify.

The primary resolution source will be official information from the FDA; however, a consensus of credible reporting will also be used.","drug,science,tech"
34557,fda-approves-outlook-therapeutics-ons-5010-for-wet-amd-by-august-31,FDA approves Outlook Therapeutics’ ONS-5010 for wet AMD?,FDA approves Outlook Therapeutics’ ONS-5010 for wet AMD?,0xa0937f3fb51c74b7141bce47340d40f94e1c8bb2dc33795276191033f3c49a4f,34460383721458706443712863277023168515226053646385847243385497285199124314294,39938395706456427138813383323737823260691591367671876231643968579964540454020,True,True,"[""Yes"", ""No""]",0.0,1.0,1.0,False,2025-07-29T15:26:44.834284Z,2025-08-31T16:00:00Z,2025-08-29T01:33:01Z,resolved,4143.66966,,,-0.4795,-0.4095,-0.6845,0.001,,0.001,,"This market will resolve to ""Yes"" if the U.S. Food and Drug Administration (FDA) grants full or conditional approval for Outlook Therapeutics’ ONS-5010 as a treatment for wet age-related macular degeneration (wet AMD) by August 31, 2025, 11:59 PM ET. Otherwise, this market will resolve to ""No.""

An approval is defined as:
For new drugs: FDA issuance of an approval letter for a New Drug Application (NDA) or Biologics License Application (BLA)
For already-marketed drugs seeking new indications: FDA approval of a supplemental NDA (sNDA) or supplemental BLA (sBLA) for the specific indication referenced
For generic drugs: FDA approval of an Abbreviated New Drug Application (ANDA)
For biosimilars: FDA approval of a 351(k) application

The following constitute qualifying approvals:
Standard approval (traditional approval based on clinical benefit), Accelerated approval (based on surrogate endpoints), Approval with Risk Evaluation and Mitigation Strategy (REMS), Approval with restricted distribution or indication limitations, except compassionate use/expanded access programs

The following do not constitute qualifying approvals:
Approvable letters that require additional actions before approval
Tentative approvals pending patent or exclusivity expiration
FDA requests for additional information or studies
Extension of Prescription Drug User Fee Amendments dates
Approval for compassionate use or expanded access programs only
Approval only for export or for use outside the United States
Emergency Use Authorization (EUA) without full approval
Complete Response Letters (CRLs) indicating the application cannot be approved in its current form

This market will immediately resolve to ""No"" if the FDA issues a Complete Response Letter (CRL) or explicitly declines to approve the application. If the drug sponsor withdraws the application before the end of the month, the market will resolve to ""No"" immediately.

If the listed drug is approved before the end of the month, the market will resolve to ""Yes,"" regardless of potential Advisory Committee votes against approval or later withdrawal of approval.

Conditional approvals may include post-marketing requirements or commitments and still qualify.

The primary resolution source will be official information from the FDA; however, a consensus of credible reporting will also be used.","drug,science,tech"
34565,fda-approves-leqembi-auto-injection-for-early-alzheimers-by-august-31,FDA approves Leqembi auto-injection for early Alzheimer’s?,FDA approves Leqembi auto-injection for early Alzheimer’s?,0x42e6fd138841c2b61970cf485dfd70f6619cea9ff465f6738a1bd85b51d72057,78359937548305549743434705849437065800007393249716313739969280274843995846349,84093409081912477009172618663267637476240056354859801196681034236431212936425,True,True,"[""Yes"", ""No""]",1.0,0.0,1.0,True,2025-07-29T15:41:19.594576Z,2025-08-31T16:00:00Z,2025-08-30T01:34:49Z,resolved,2111.404441,,,-0.025,0.07,0.175,0.3,0.7,1.0,,"This market will resolve to ""Yes"" if the U.S. Food and Drug Administration (FDA) grants full or conditional approval for Leqembi® (lecanemab), developed by Eisai, Biogen, and BioArctic, for use in a subcutaneous auto-injection formulation as a treatment for early Alzheimer’s disease by August 31, 2025, 11:59 PM ET. Otherwise, this market will resolve to ""No.""

An approval is defined as:
For new drugs: FDA issuance of an approval letter for a New Drug Application (NDA) or Biologics License Application (BLA)
For already-marketed drugs seeking new indications: FDA approval of a supplemental NDA (sNDA) or supplemental BLA (sBLA) for the specific indication referenced
For generic drugs: FDA approval of an Abbreviated New Drug Application (ANDA)
For biosimilars: FDA approval of a 351(k) application

The following constitute qualifying approvals:
Standard approval (traditional approval based on clinical benefit), Accelerated approval (based on surrogate endpoints), Approval with Risk Evaluation and Mitigation Strategy (REMS), Approval with restricted distribution or indication limitations, except compassionate use/expanded access programs

The following do not constitute qualifying approvals:
Approvable letters that require additional actions before approval
Tentative approvals pending patent or exclusivity expiration
FDA requests for additional information or studies
Extension of Prescription Drug User Fee Amendments dates
Approval for compassionate use or expanded access programs only
Approval only for export or for use outside the United States
Emergency Use Authorization (EUA) without full approval
Complete Response Letters (CRLs) indicating the application cannot be approved in its current form

This market will immediately resolve to ""No"" if the FDA issues a Complete Response Letter (CRL) or explicitly declines to approve the application. If the drug sponsor withdraws the application before the end of the month, the market will resolve to ""No"" immediately.

If the listed drug is approved before the end of the month, the market will resolve to ""Yes,"" regardless of potential Advisory Committee votes against approval or later withdrawal of approval.

Conditional approvals may include post-marketing requirements or commitments and still qualify.

The primary resolution source will be official information from the FDA; however, a consensus of credible reporting will also be used.","drug,science,tech"
34560,fda-approves-capricor-therapeutics-cap-1002-for-duchenne-muscular-dystrophy-by-august-31,FDA approves Capricor Therapeutics’ Deramiocel for Duchenne muscular dystrophy by August 31?,FDA approves Capricor Therapeutics’ Deramiocel for Duchenne muscular dystrophy by August 31?,0x120a013eeb8b76ddc57297569626f13a510c09124b965f25a706b5f2388bb0cb,77649571240925900701262879469613775935286795356656408170141410960228406423163,51010379458918354836791630805014110738463888510601508496388402966768902251048,True,True,"[""Yes"", ""No""]",0.0,1.0,1.0,False,2025-07-29T15:26:44.831391Z,2025-08-31T16:00:00Z,2025-08-02T03:47:54Z,resolved,10777.335,,,-0.245,,,0.001,,0.001,,"This market will resolve to ""Yes"" if the U.S. Food and Drug Administration (FDA) grants full or conditional approval for Capricor Therapeutics’ Deramiocel as a treatment for Duchenne muscular dystrophy by August 31, 2025, 11:59 PM ET. Otherwise, this market will resolve to ""No.""

This market will resolve to ""Yes"" if the U.S. Food and Drug Administration (FDA) grants full or conditional approval for Capricor Therapeutics’ biologics license application (BLA) for CAP-1002 as a treatment for Duchenne muscular dystrophy by August 31, 2025, 11:59 PM ET. Otherwise, this market will resolve to ""No.""

An approval is defined as:
For new drugs: FDA issuance of an approval letter for a New Drug Application (NDA) or Biologics License Application (BLA)
For already-marketed drugs seeking new indications: FDA approval of a supplemental NDA (sNDA) or supplemental BLA (sBLA) for the specific indication referenced
For generic drugs: FDA approval of an Abbreviated New Drug Application (ANDA)
For biosimilars: FDA approval of a 351(k) application

The following constitute qualifying approvals:
Standard approval (traditional approval based on clinical benefit), Accelerated approval (based on surrogate endpoints), Approval with Risk Evaluation and Mitigation Strategy (REMS), Approval with restricted distribution or indication limitations, except compassionate use/expanded access programs

The following do not constitute qualifying approvals:
Approvable letters that require additional actions before approval
Tentative approvals pending patent or exclusivity expiration
FDA requests for additional information or studies
Extension of Prescription Drug User Fee Amendments dates
Approval for compassionate use or expanded access programs only
Approval only for export or for use outside the United States
Emergency Use Authorization (EUA) without full approval
Complete Response Letters (CRLs) indicating the application cannot be approved in its current form

This market will immediately resolve to ""No"" if the FDA issues a Complete Response Letter (CRL) or explicitly declines to approve the application. If the drug sponsor withdraws the application before the end of the month, the market will resolve to ""No"" immediately.

If the listed drug is approved before the end of the month, the market will resolve to ""Yes,"" regardless of potential Advisory Committee votes against approval or later withdrawal of approval.

Conditional approvals may include post-marketing requirements or commitments and still qualify.

The primary resolution source will be official information from the FDA; however, a consensus of credible reporting will also be used.","drug,science,tech"
382885,fda-approves-grace-therapeutics-gtx-104,FDA approves Grace Therapeutics’ GTx-104?,FDA approves Grace Therapeutics’ GTx-104?,0x97cdd396ed95e3172e5c1595338205a4ebd2a6c0200070d50250f2e386a14b39,63885249881613818073618451909719033007658834926472640109051991064449081303432,56343407792433561279715628699108762320541998811409825945088878439267640812072,True,True,"[""Yes"", ""No""]",0.0,1.0,0.02,False,2026-04-17T00:52:58.822019Z,2026-04-23T00:00:00Z,2026-04-23T22:03:22Z,resolved,4958.989555,,,-0.7945,,,0.001,,0.001,"Trader consensus on Polymarket reflects 100% implied probability against FDA approval of Grace Therapeutics' GTx-104, an intravenous nimodipine formulation for aneurysmal subarachnoid hemorrhage (aSAH), driven by the agency's Complete Response Letter (CRL) issued today on the April 23 PDUFA target date. The CRL cites deficiencies in chemistry, manufacturing, and controls (CMC)—including leachables from packaging, nonclinical toxicology assessments, and contract manufacturing issues—without requesting new clinical data. This definitive roadblock, common in biotech NDAs, precludes approval until resubmission, fueling unassailable ""No"" positioning amid real capital at stake. While Grace plans a Type A meeting for clarification, historical CRL-to-approval timelines exceed the May 7 market resolution, barring an unprecedented rapid fix; regulatory intervention or withdrawal would cement ""No.""","As of market creation, the FDA’s expected decision date for the specified application is April 23, 2026.

This market will resolve to ""Yes"" if the U.S. Food and Drug Administration (FDA) grants full or conditional approval for Grace Therapeutics’ GTx-104 as a treatment for aneurysmal subarachnoid hemorrhage by May 7, 2026, 11:59 PM ET. Otherwise, this market will resolve to ""No.""

An approval is defined as:
For new drugs: FDA issuance of an approval letter for a New Drug Application (NDA) or Biologics License Application (BLA)
For already-marketed drugs seeking new indications: FDA approval of a supplemental NDA (sNDA) or supplemental BLA (sBLA) for the specific indication referenced
For generic drugs: FDA approval of an Abbreviated New Drug Application (ANDA)
For biosimilars: FDA approval of a 351(k) application

The following constitute qualifying approvals:
Standard approval (traditional approval based on clinical benefit), Accelerated approval (based on surrogate endpoints), Approval with Risk Evaluation and Mitigation Strategy (REMS), Approval with restricted distribution or indication limitations, except compassionate use/expanded access programs

The following do not constitute qualifying approvals:
Approvable letters that require additional actions before approval
Tentative approvals pending patent or exclusivity expiration
FDA requests for additional information or studies
Extension of Prescription Drug User Fee Amendments dates
Approval for compassionate use or expanded access programs only
Approval only for export or for use outside the United States
Emergency Use Authorization (EUA) without full approval
Complete Response Letters (CRLs) indicating the application cannot be approved in its current form

This market will immediately resolve to ""No"" if the FDA issues a Complete Response Letter (CRL) or explicitly declines to approve the application. If the drug sponsor withdraws the application before the end of the specified period, the market will resolve to ""No"" immediately.

If the listed drug is approved before the end of the specified period, the market will resolve to ""Yes,"" regardless of potential Advisory Committee votes against approval or later withdrawal of approval.

Conditional approvals may include post-marketing requirements or commitments and still qualify.

The primary resolution source will be official information from the FDA; however, a consensus of credible reporting will also be used.","business,drug,fda,medicine,science,tech"
382921,fda-approves-sanofis-sarclisa,FDA approves Sanofi’s Subcutaneous Sarclisa?,FDA approves Sanofi’s Subcutaneous Sarclisa?,0x6c2beb5de99b17455f47867abc38b17376789e70931497101b57142dd662f8ac,49746537589239804822677095949218030012348050927620835449042701425110987537956,85264948624586487595286264047668050986275514305565924755672972942080319549588,True,True,"[""Yes"", ""No""]",0.0,1.0,0.009,False,2026-04-17T20:23:10.719519Z,2026-04-23T00:00:00Z,2026-05-08T08:38:40Z,resolved,10879.625856000002,,,-0.023,-0.0235,,0.001,,0.001,"Trader consensus reflects near-certainty at 99.7% for ""No"" following the FDA's April 22, 2026, announcement extending review of Sanofi's biologics license application for subcutaneous Sarclisa (isatuximab-irfc), an anti-CD38 monoclonal antibody for multiple myeloma. The Prescription Drug User Fee Act target date shifted from April 23 to July 23, 2026, to allow additional evaluation time, despite positive phase 3 data showing pharmacokinetic non-inferiority and similar efficacy to the approved intravenous formulation via on-body injector. No approval has been posted on official FDA channels, solidifying the outcome as the market's resolution criteria—tied to the original timeline—remain unmet. Realistic shifts would require an unforeseen expedited approval before close, though routine extensions signal low likelihood amid standard regulatory caution.","As of market creation, the FDA’s expected decision date for the specified application is April 23, 2026.

This market will resolve to ""Yes"" if the U.S. Food and Drug Administration (FDA) grants full or conditional approval for Sanofi’s Subcutaneous Sarclisa as a treatment for multiple myeloma by May 7, 2026, 11:59 PM ET. Otherwise, this market will resolve to ""No.""

An approval is defined as:
For new drugs: FDA issuance of an approval letter for a New Drug Application (NDA) or Biologics License Application (BLA)
For already-marketed drugs seeking new indications: FDA approval of a supplemental NDA (sNDA) or supplemental BLA (sBLA) for the specific indication referenced
For generic drugs: FDA approval of an Abbreviated New Drug Application (ANDA)
For biosimilars: FDA approval of a 351(k) application

The following constitute qualifying approvals:
Standard approval (traditional approval based on clinical benefit), Accelerated approval (based on surrogate endpoints), Approval with Risk Evaluation and Mitigation Strategy (REMS), Approval with restricted distribution or indication limitations, except compassionate use/expanded access programs

The following do not constitute qualifying approvals:
Approvable letters that require additional actions before approval
Tentative approvals pending patent or exclusivity expiration
FDA requests for additional information or studies
Extension of Prescription Drug User Fee Amendments dates
Approval for compassionate use or expanded access programs only
Approval only for export or for use outside the United States
Emergency Use Authorization (EUA) without full approval
Complete Response Letters (CRLs) indicating the application cannot be approved in its current form

This market will immediately resolve to ""No"" if the FDA issues a Complete Response Letter (CRL) or explicitly declines to approve the application. If the drug sponsor withdraws the application before the end of the specified period, the market will resolve to ""No"" immediately.

If the listed drug is approved before the end of the specified period, the market will resolve to ""Yes,"" regardless of potential Advisory Committee votes against approval or later withdrawal of approval.

Conditional approvals may include post-marketing requirements or commitments and still qualify.

The primary resolution source will be official information from the FDA; however, a consensus of credible reporting will also be used.","business,drug,fda,medicine,science,tech"
400481,fda-approves-sanofis-dupixent,FDA approves Sanofi's Dupixent?,FDA approves Sanofi's Dupixent?,0x1227564e7ae629400b526b03c86a52e83776d9efe000590a28a8062353a7ca45,95823234161378177284416409047886716357009197216254062227325587550442088286650,41163601770967680234003870604269025596723115498380023200663320410926690367262,True,True,"[""Yes"", ""No""]",1.0,0.0,0.999,True,2026-04-20T21:52:54.162895Z,2026-04-27T00:00:00Z,2026-04-23T14:54:54Z,resolved,10142.207259000003,,,0.2145,,,0.001,0.999,1.0,"The FDA's approval of Sanofi's Dupixent (dupilumab) on February 24, 2026, as the first and only targeted biologic for allergic fungal rhinosinusitis in patients aged 6 and older has driven trader consensus to a near-certain 100% implied probability for ""Yes,"" reflecting Phase 3 trial data showing a 92% reduction in the need for steroids or surgery. This ninth U.S. indication for the interleukin-4 and interleukin-13 inhibitor underscores its expanding label across type 2 inflammatory diseases, backed by Sanofi and Regeneron's official announcements and FDA posting. While revocation or reinterpretation of approval criteria remains a theoretical risk—such as post-marketing safety issues or labeling disputes—such events are exceedingly rare for established biologics with strong safety profiles, cementing market confidence ahead of resolution.","As of market creation, the FDA's expected decision date for the specified application is April 27, 2026.

This market will resolve to ""Yes"" if the U.S. Food and Drug Administration (FDA) grants full or conditional approval for Sanofi's Dupixent as a treatment for chronic spontaneous urticaria (CSU) in children by May 11, 2026, 11:59 PM ET. Otherwise, this market will resolve to ""No.""

An approval is defined as:
For new drugs: FDA issuance of an approval letter for a New Drug Application (NDA) or Biologics License Application (BLA)
For already-marketed drugs seeking new indications: FDA approval of a supplemental NDA (sNDA) or supplemental BLA (sBLA) for the specific indication referenced
For generic drugs: FDA approval of an Abbreviated New Drug Application (ANDA)
For biosimilars: FDA approval of a 351(k) application

The following constitute qualifying approvals:
Standard approval (traditional approval based on clinical benefit), Accelerated approval (based on surrogate endpoints), Approval with Risk Evaluation and Mitigation Strategy (REMS), Approval with restricted distribution or indication limitations, except compassionate use/expanded access programs

The following do not constitute qualifying approvals:
Approvable letters that require additional actions before approval
Tentative approvals pending patent or exclusivity expiration
FDA requests for additional information or studies
Extension of Prescription Drug User Fee Amendments dates
Approval for compassionate use or expanded access programs only
Approval only for export or for use outside the United States
Emergency Use Authorization (EUA) without full approval
Complete Response Letters (CRLs) indicating the application cannot be approved in its current form

This market will immediately resolve to ""No"" if the FDA issues a Complete Response Letter (CRL) or explicitly declines to approve the application. If the drug sponsor withdraws the application before the end of the specified period, the market will resolve to ""No"" immediately.

If the listed drug is approved before the end of the specified period, the market will resolve to ""Yes,"" regardless of potential Advisory Committee votes against approval or later withdrawal of approval.

Conditional approvals may include post-marketing requirements or commitments and still qualify.

The primary resolution source will be official information from the FDA; however, a consensus of credible reporting will also be used.","business,drug,fda,medicine,science,tech"
400491,fda-approves-mercks-doravirineislatravir,FDA approves Merck's Doravirine/Islatravir?,FDA approves Merck's Doravirine/Islatravir?,0x98de9caf3ecfd76205c1f0c899e12aaeed99560b62793cf32b9a726308488474,104393374134852006594969952880959063125370121697760825266023713216489634334827,61693105835088611644948044790517465652531885753061994393264017102457586761887,True,True,"[""Yes"", ""No""]",1.0,0.0,0.998,True,2026-04-20T21:52:34.262479Z,2026-04-28T00:00:00Z,2026-04-22T14:18:42Z,resolved,832.0596969999999,,,0.3295,,,0.001,0.999,1.0,"The U.S. Food and Drug Administration's approval of Merck's once-daily IDVYNSO (doravirine/islatravir) on April 21, 2026, as a two-drug regimen for virologically suppressed HIV-1 adults has propelled the market-implied Yes probability to 87.5%, reflecting trader consensus on robust Phase 3 trial data from February showing non-inferior efficacy to three-drug standards and no new safety signals. Building on the NDA acceptance in July 2025, this milestone—ahead of the anticipated April 28 PDUFA date—underscores Merck's streamlined regulatory path amid HIV treatment simplification demands. Remaining uncertainty stems from potential post-approval label refinements or market resolution nuances, with launch timelines now a key watchpoint for adoption.","As of market creation, the FDA's expected decision date for the specified application is April 28, 2026.

This market will resolve to ""Yes"" if the U.S. Food and Drug Administration (FDA) grants full or conditional approval for Merck's Doravirine/Islatravir as a treatment for adults with virologically suppressed HIV-1 infection by May 12, 2026, 11:59 PM ET. Otherwise, this market will resolve to ""No.""

An approval is defined as:
For new drugs: FDA issuance of an approval letter for a New Drug Application (NDA) or Biologics License Application (BLA)
For already-marketed drugs seeking new indications: FDA approval of a supplemental NDA (sNDA) or supplemental BLA (sBLA) for the specific indication referenced
For generic drugs: FDA approval of an Abbreviated New Drug Application (ANDA)
For biosimilars: FDA approval of a 351(k) application

The following constitute qualifying approvals:
Standard approval (traditional approval based on clinical benefit), Accelerated approval (based on surrogate endpoints), Approval with Risk Evaluation and Mitigation Strategy (REMS), Approval with restricted distribution or indication limitations, except compassionate use/expanded access programs

The following do not constitute qualifying approvals:
Approvable letters that require additional actions before approval
Tentative approvals pending patent or exclusivity expiration
FDA requests for additional information or studies
Extension of Prescription Drug User Fee Amendments dates
Approval for compassionate use or expanded access programs only
Approval only for export or for use outside the United States
Emergency Use Authorization (EUA) without full approval
Complete Response Letters (CRLs) indicating the application cannot be approved in its current form

This market will immediately resolve to ""No"" if the FDA issues a Complete Response Letter (CRL) or explicitly declines to approve the application. If the drug sponsor withdraws the application before the end of the specified period, the market will resolve to ""No"" immediately.

If the listed drug is approved before the end of the specified period, the market will resolve to ""Yes,"" regardless of potential Advisory Committee votes against approval or later withdrawal of approval.

Conditional approvals may include post-marketing requirements or commitments and still qualify.

The primary resolution source will be official information from the FDA; however, a consensus of credible reporting will also be used.","business,drug,fda,medicine,science,tech"
400511,fda-approves-sanofis-tzield,FDA approves Sanofi's Tzield?,FDA approves Sanofi's Tzield?,0x729068e73cba063d37da18c022b71f1cb98929d77e11c227b08d2ae806bc566a,31664239167373057556552459244482529304545646016185098683486305722764842416716,10193223976173067441690098517433078322812632645104738191156672748681683693680,True,True,"[""Yes"", ""No""]",1.0,0.0,0.99,True,2026-04-20T21:52:39.737843Z,2026-04-29T00:00:00Z,2026-04-22T17:08:26Z,resolved,517.288391,,,0.5695,,,0.001,0.999,1.0,"Sanofi's Tzield (teplizumab-mzwv) received FDA approval today for an expanded indication to delay stage 3 type 1 diabetes onset in children as young as one year with stage 2 disease, driving trader consensus to 100% ""Yes"" on Polymarket. This supplemental biologics license application followed priority review acceptance in January 2026—ahead of the April 29 PDUFA target—building on the drug's 2022 approval for patients aged 8+. Strong clinical data from prior trials and expedited review via a National Priority Voucher fueled optimism, with Sanofi's official announcement confirming the decision. While post-approval label changes or rare manufacturing issues could theoretically prompt revisits, such scenarios are negligible given the binding regulatory greenlight and market-implied certainty.","As of market creation, the FDA's expected decision date for the specified application is April 29, 2026.

This market will resolve to ""Yes"" if the U.S. Food and Drug Administration (FDA) grants full or conditional approval for Sanofi's Tzield as a treatment for delaying the onset of stage 3 type 1 diabetes in patients aged 1 year and older with stage 2 type 1 diabetes by May 13, 2026, 11:59 PM ET. Otherwise, this market will resolve to ""No.""

An approval is defined as:
For new drugs: FDA issuance of an approval letter for a New Drug Application (NDA) or Biologics License Application (BLA)
For already-marketed drugs seeking new indications: FDA approval of a supplemental NDA (sNDA) or supplemental BLA (sBLA) for the specific indication referenced
For generic drugs: FDA approval of an Abbreviated New Drug Application (ANDA)
For biosimilars: FDA approval of a 351(k) application

The following constitute qualifying approvals:
Standard approval (traditional approval based on clinical benefit), Accelerated approval (based on surrogate endpoints), Approval with Risk Evaluation and Mitigation Strategy (REMS), Approval with restricted distribution or indication limitations, except compassionate use/expanded access programs

The following do not constitute qualifying approvals:
Approvable letters that require additional actions before approval
Tentative approvals pending patent or exclusivity expiration
FDA requests for additional information or studies
Extension of Prescription Drug User Fee Amendments dates
Approval for compassionate use or expanded access programs only
Approval only for export or for use outside the United States
Emergency Use Authorization (EUA) without full approval
Complete Response Letters (CRLs) indicating the application cannot be approved in its current form

This market will immediately resolve to ""No"" if the FDA issues a Complete Response Letter (CRL) or explicitly declines to approve the application. If the drug sponsor withdraws the application before the end of the specified period, the market will resolve to ""No"" immediately.

If the listed drug is approved before the end of the specified period, the market will resolve to ""Yes,"" regardless of potential Advisory Committee votes against approval or later withdrawal of approval.

Conditional approvals may include post-marketing requirements or commitments and still qualify.

The primary resolution source will be official information from the FDA; however, a consensus of credible reporting will also be used.","business,drug,fda,medicine,science,tech"
400521,fda-approves-axsome-therapeutics-axs-05,FDA approves Axsome Therapeutics' AXS-05?,FDA approves Axsome Therapeutics' AXS-05?,0xb1a2b737cef26e09bc760437061f46246d2d0f8aebfd27ba766d0bd39a6f8738,23481422710243700698721138437690444206367289229728636415910269721081494645628,88221643665426647504384625501381527448767091737254025565857108186942584937366,True,True,"[""Yes"", ""No""]",1.0,0.0,0.999,True,2026-04-20T21:52:38.236108Z,2026-04-30T00:00:00Z,2026-05-01T14:35:24Z,resolved,2559.817664,,,0.2075,0.2845,,0.001,0.999,1.0,"Trader consensus has priced in an 81.9% implied probability for FDA approval of Axsome Therapeutics' AXS-05 (dextromethorphan-bupropion, branded Auvelity) for agitation in Alzheimer's disease, driven primarily by the imminent Prescription Drug User Fee Act (PDUFA) target date of April 30, 2026—just yesterday. The FDA granted priority review to the supplemental new drug application in late December 2025, shortening the timeline amid breakthrough therapy designation since 2020, highlighting the therapy's potential to address a critical unmet need as the first oral non-antipsychotic option. Phase 3 ADVANCE-1 trial data, recently reviewed ahead of PDUFA, showed AXS-05 significantly delayed agitation relapse (hazard ratio 0.276 vs. placebo), outweighing a prior failed acute study. With no advisory committee required and Axsome's stock up nearly 15% in the past month on positive sentiment, traders anticipate regulatory greenlight, though last-minute scrutiny on elderly safety data remains a minor risk.","As of market creation, the FDA's expected decision date for the specified application is April 30, 2026.

This market will resolve to ""Yes"" if the U.S. Food and Drug Administration (FDA) grants full or conditional approval for Axsome Therapeutics's AXS-05 as a treatment for Alzheimer’s disease agitation by May 14, 2026, 11:59 PM ET. Otherwise, this market will resolve to ""No.""

An approval is defined as:
For new drugs: FDA issuance of an approval letter for a New Drug Application (NDA) or Biologics License Application (BLA)
For already-marketed drugs seeking new indications: FDA approval of a supplemental NDA (sNDA) or supplemental BLA (sBLA) for the specific indication referenced
For generic drugs: FDA approval of an Abbreviated New Drug Application (ANDA)
For biosimilars: FDA approval of a 351(k) application

The following constitute qualifying approvals:
Standard approval (traditional approval based on clinical benefit), Accelerated approval (based on surrogate endpoints), Approval with Risk Evaluation and Mitigation Strategy (REMS), Approval with restricted distribution or indication limitations, except compassionate use/expanded access programs

The following do not constitute qualifying approvals:
Approvable letters that require additional actions before approval
Tentative approvals pending patent or exclusivity expiration
FDA requests for additional information or studies
Extension of Prescription Drug User Fee Amendments dates
Approval for compassionate use or expanded access programs only
Approval only for export or for use outside the United States
Emergency Use Authorization (EUA) without full approval
Complete Response Letters (CRLs) indicating the application cannot be approved in its current form

This market will immediately resolve to ""No"" if the FDA issues a Complete Response Letter (CRL) or explicitly declines to approve the application. If the drug sponsor withdraws the application before the end of the specified period, the market will resolve to ""No"" immediately.

If the listed drug is approved before the end of the specified period, the market will resolve to ""Yes,"" regardless of potential Advisory Committee votes against approval or later withdrawal of approval.

Conditional approvals may include post-marketing requirements or commitments and still qualify.

The primary resolution source will be official information from the FDA; however, a consensus of credible reporting will also be used.","business,drug,fda,medicine,science,tech"
400550,fda-approves-astrazenecas-truqap-capivasertib,FDA approves AstraZeneca's Truqap (capivasertib)?,FDA approves AstraZeneca's Truqap (capivasertib)?,0x0b3d7aad450bf734174e23e3608c10e325a431a1cccf60502d9946e81698f787,91129593454233596737822113432026264072705867184559977052746298922597082445217,36859007223489533597225129160790463426016069574533365321506599489476480672870,True,True,"[""Yes"", ""No""]",0.0,1.0,0.093,False,2026-04-20T21:52:58.099892Z,2026-04-30T00:00:00Z,2026-05-16T05:06:18Z,resolved,6942.131387999997,,,-0.072,-0.173,,0.001,,0.001,"Traders see near-certain odds against fresh FDA approval for AstraZeneca’s Truqap (capivasertib) because the AKT inhibitor already received clearance in November 2023 for HR-positive, HER2-negative advanced breast cancer in combination with fulvestrant. That prior regulatory decision eliminated the need for another immediate review, while no new supplemental biologics license application or expanded indication filing has surfaced in the last year. Supply-chain stability, established safety data, and lack of competing late-stage trials further reinforce the current consensus. Any surprise re-submission or unexpected label expansion would require new clinical evidence and agency acceptance, both of which remain absent from official announcements or credible filings.","As of market creation, the FDA's expected decision date for the specified application is April 30, 2026.

This market will resolve to ""Yes"" if the U.S. Food and Drug Administration (FDA) grants full or conditional approval for AstraZeneca's Truqap (capivasertib) as a treatment for metastatic hormone-sensitive prostate cancer (PTEN-deficient) by May 14, 2026, 11:59 PM ET. Otherwise, this market will resolve to ""No.""

An approval is defined as:
For new drugs: FDA issuance of an approval letter for a New Drug Application (NDA) or Biologics License Application (BLA)
For already-marketed drugs seeking new indications: FDA approval of a supplemental NDA (sNDA) or supplemental BLA (sBLA) for the specific indication referenced
For generic drugs: FDA approval of an Abbreviated New Drug Application (ANDA)
For biosimilars: FDA approval of a 351(k) application

The following constitute qualifying approvals:
Standard approval (traditional approval based on clinical benefit), Accelerated approval (based on surrogate endpoints), Approval with Risk Evaluation and Mitigation Strategy (REMS), Approval with restricted distribution or indication limitations, except compassionate use/expanded access programs

The following do not constitute qualifying approvals:
Approvable letters that require additional actions before approval
Tentative approvals pending patent or exclusivity expiration
FDA requests for additional information or studies
Extension of Prescription Drug User Fee Amendments dates
Approval for compassionate use or expanded access programs only
Approval only for export or for use outside the United States
Emergency Use Authorization (EUA) without full approval
Complete Response Letters (CRLs) indicating the application cannot be approved in its current form

This market will immediately resolve to ""No"" if the FDA issues a Complete Response Letter (CRL) or explicitly declines to approve the application. If the drug sponsor withdraws the application before the end of the specified period, the market will resolve to ""No"" immediately.

If the listed drug is approved before the end of the specified period, the market will resolve to ""Yes,"" regardless of potential Advisory Committee votes against approval or later withdrawal of approval.

Conditional approvals may include post-marketing requirements or commitments and still qualify.

The primary resolution source will be official information from the FDA; however, a consensus of credible reporting will also be used.","business,drug,fda,medicine,science,tech"
400551,fda-approves-astrazenecas-camizestrant,FDA approves AstraZeneca's Camizestrant?,FDA approves AstraZeneca's Camizestrant?,0x949c85ac014a123dba57cd6b3516aeb49a3c36d5e9cd240556715abd6196f7e5,53242812239942100887456304319877300979147274515811765080842618941498855469669,47420833285410714113991781737443860288623661048128828882761753511363425424707,True,True,"[""Yes"", ""No""]",0.0,1.0,0.129,False,2026-04-20T21:52:58.141726Z,2026-04-30T00:00:00Z,2026-05-16T07:11:38Z,resolved,2831.6861250000006,0.0,,-0.029,-0.0335,,0.001,,0.001,"The FDA’s Oncologic Drugs Advisory Committee voted 3–6 on April 30 against the benefit-risk profile of AstraZeneca’s camizestrant combined with a CDK4/6 inhibitor for first-line use in HR-positive, HER2-negative advanced breast cancer with emergent ESR1 mutations, based on the SERENA-6 trial. The panel cited concerns over trial design, specifically whether switching patients early upon ctDNA-detected mutation improves long-term outcomes compared with waiting for radiographic progression. Although the agency granted Breakthrough Therapy Designation and accepted the NDA in 2025, it is not bound by the vote and remains under active review. Traders see limited realistic paths to near-term approval given these clinical and regulatory hurdles, though unexpected positive data or a surprise FDA decision could still shift outcomes.","As of market creation, the FDA's expected decision date for the specified application is April 30, 2026.

This market will resolve to ""Yes"" if the U.S. Food and Drug Administration (FDA) grants full or conditional approval for AstraZeneca's Camizestrant as a treatment for HR+/HER2- advanced or metastatic breast cancer with ESR1 mutation by May 14, 2026, 11:59 PM ET. Otherwise, this market will resolve to ""No.""

An approval is defined as:
For new drugs: FDA issuance of an approval letter for a New Drug Application (NDA) or Biologics License Application (BLA)
For already-marketed drugs seeking new indications: FDA approval of a supplemental NDA (sNDA) or supplemental BLA (sBLA) for the specific indication referenced
For generic drugs: FDA approval of an Abbreviated New Drug Application (ANDA)
For biosimilars: FDA approval of a 351(k) application

The following constitute qualifying approvals:
Standard approval (traditional approval based on clinical benefit), Accelerated approval (based on surrogate endpoints), Approval with Risk Evaluation and Mitigation Strategy (REMS), Approval with restricted distribution or indication limitations, except compassionate use/expanded access programs

The following do not constitute qualifying approvals:
Approvable letters that require additional actions before approval
Tentative approvals pending patent or exclusivity expiration
FDA requests for additional information or studies
Extension of Prescription Drug User Fee Amendments dates
Approval for compassionate use or expanded access programs only
Approval only for export or for use outside the United States
Emergency Use Authorization (EUA) without full approval
Complete Response Letters (CRLs) indicating the application cannot be approved in its current form

This market will immediately resolve to ""No"" if the FDA issues a Complete Response Letter (CRL) or explicitly declines to approve the application. If the drug sponsor withdraws the application before the end of the specified period, the market will resolve to ""No"" immediately.

If the listed drug is approved before the end of the specified period, the market will resolve to ""Yes,"" regardless of potential Advisory Committee votes against approval or later withdrawal of approval.

Conditional approvals may include post-marketing requirements or commitments and still qualify.

The primary resolution source will be official information from the FDA; however, a consensus of credible reporting will also be used.","business,drug,fda,medicine,science,tech"
431116,fda-approves-argenxs-vyvgart,FDA approves argenx's Vyvgart?,FDA approves argenx's Vyvgart?,0x10c1548bbd6c2da56e3ca73e966f595d2258ebc194c168e8a81837aa23aac69d,66007911101707302190148735167450517628970472782888009492359692471595464474238,98886563935484367656431194809053261089422639464394989381151958744968129809741,True,True,"[""Yes"", ""No""]",1.0,0.0,0.999,True,2026-04-30T00:10:56.27536Z,2026-05-10T00:00:00Z,2026-05-09T01:29:16Z,resolved,9955.154954,,,0.082,0.1545,,0.001,0.999,1.0,"Trader consensus implies an 85% probability of FDA approval for argenx's Vyvgart (efgartigimod alfa-fcab) in acetylcholine receptor antibody (AChR-Ab) seronegative generalized myasthenia gravis (gMG), driven by robust Phase 3 ADAPT SERON trial data showing a statistically significant 3.35-point mean improvement in MG-ADL scores at week 4 (p=0.0068) across MuSK+, LRP4+, and triple seronegative subtypes, with sustained benefits and a safety profile consistent with prior indications. Recent presentations at the AAN 2026 meeting (April 18) highlighted rapid symptom control in open-label extensions, reinforcing efficacy in this underserved population comprising 15-20% of gMG patients lacking targeted therapies. The FDA granted priority review to the sBLA in January, setting a PDUFA target action date of May 10; while small trial size (n=119) introduces modest uncertainty around labeling scope, no advisory flags have emerged. Watch for the FDA decision next week.","As of market creation, the FDA's expected decision date for the specified application is May 10, 2026.

This market will resolve to ""Yes"" if the U.S. Food and Drug Administration (FDA) grants full or conditional approval for argenx's Vyvgart as a treatment for seronegative generalized myasthenia gravis by May 24, 2026, 11:59 PM ET. Otherwise, this market will resolve to ""No.""

An approval is defined as:
For new drugs: FDA issuance of an approval letter for a New Drug Application (NDA) or Biologics License Application (BLA)
For already-marketed drugs seeking new indications: FDA approval of a supplemental NDA (sNDA) or supplemental BLA (sBLA) for the specific indication referenced
For generic drugs: FDA approval of an Abbreviated New Drug Application (ANDA)
For biosimilars: FDA approval of a 351(k) application

The following constitute qualifying approvals:
Standard approval (traditional approval based on clinical benefit), Accelerated approval (based on surrogate endpoints), Approval with Risk Evaluation and Mitigation Strategy (REMS), Approval with restricted distribution or indication limitations, except compassionate use/expanded access programs

The following do not constitute qualifying approvals:
Approvable letters that require additional actions before approval
Tentative approvals pending patent or exclusivity expiration
FDA requests for additional information or studies
Extension of Prescription Drug User Fee Amendments dates
Approval for compassionate use or expanded access programs only
Approval only for export or for use outside the United States
Emergency Use Authorization (EUA) without full approval
Complete Response Letters (CRLs) indicating the application cannot be approved in its current form

This market will immediately resolve to ""No"" if the FDA issues a Complete Response Letter (CRL) or explicitly declines to approve the application. If the drug sponsor withdraws the application before the end of the specified period, the market will resolve to ""No"" immediately.

If the listed drug is approved before the end of the specified period, the market will resolve to ""Yes,"" regardless of potential Advisory Committee votes against approval or later withdrawal of approval.

Conditional approvals may include post-marketing requirements or commitments and still qualify.

The primary resolution source will be official information from the FDA; however, a consensus of credible reporting will also be used.","business,drug,fda,medicine,science,tech"
431125,fda-approves-daiichi-sankyo-astrazenecas-enhertu,FDA approves Daiichi Sankyo & AstraZeneca's Enhertu?,FDA approves Daiichi Sankyo & AstraZeneca's Enhertu?,0x2adcde0d2e4f04de4b30d2532fd858f15a02ce509015c00e77f1505c0f2de292,69400397468967449995917313835111737034508590183323257665363807189355138758019,75203288269517206880762799151369003979200965066965662320269724051838531639449,True,True,"[""Yes"", ""No""]",1.0,0.0,0.999,True,2026-04-30T00:14:17.352989Z,2026-05-18T00:00:00Z,2026-05-16T13:15:45Z,resolved,2031.2453689999998,,,0.2095,0.2095,,0.001,0.999,1.0,"Strong Phase III results from the DESTINY-Breast05 trial, showing a 53% reduction in invasive disease recurrence or death versus T-DM1, combined with the FDA’s March 2026 Priority Review and December 2025 Breakthrough Therapy Designation, have driven the 97% implied probability for approval of Enhertu in HER2-positive early breast cancer with residual disease after neoadjuvant therapy. Traders cite Enhertu’s established safety profile in prior metastatic approvals, consistent efficacy signals across antibody-drug conjugate data, and the absence of major competing safety concerns as reinforcing factors. The supplemental biologics license application targets a potential new standard of care, with a July 2026 PDUFA target date and Project Orbis review accelerating timelines. Remaining uncertainty centers on possible last-minute manufacturing or labeling queries, though historical precedent for similar agents indicates these rarely alter near-term outcomes.","As of market creation, the FDA's expected decision date for the specified application is May 18, 2026.

This market will resolve to ""Yes"" if the U.S. Food and Drug Administration (FDA) grants full or conditional approval for Daiichi Sankyo & AstraZeneca's Enhertu as a treatment for neoadjuvant treatment of adult patients with HER2-positive breast cancer by June 1, 2026, 11:59 PM ET. Otherwise, this market will resolve to ""No.""

An approval is defined as:
For new drugs: FDA issuance of an approval letter for a New Drug Application (NDA) or Biologics License Application (BLA)
For already-marketed drugs seeking new indications: FDA approval of a supplemental NDA (sNDA) or supplemental BLA (sBLA) for the specific indication referenced
For generic drugs: FDA approval of an Abbreviated New Drug Application (ANDA)
For biosimilars: FDA approval of a 351(k) application

The following constitute qualifying approvals:
Standard approval (traditional approval based on clinical benefit), Accelerated approval (based on surrogate endpoints), Approval with Risk Evaluation and Mitigation Strategy (REMS), Approval with restricted distribution or indication limitations, except compassionate use/expanded access programs

The following do not constitute qualifying approvals:
Approvable letters that require additional actions before approval
Tentative approvals pending patent or exclusivity expiration
FDA requests for additional information or studies
Extension of Prescription Drug User Fee Amendments dates
Approval for compassionate use or expanded access programs only
Approval only for export or for use outside the United States
Emergency Use Authorization (EUA) without full approval
Complete Response Letters (CRLs) indicating the application cannot be approved in its current form

This market will immediately resolve to ""No"" if the FDA issues a Complete Response Letter (CRL) or explicitly declines to approve the application. If the drug sponsor withdraws the application before the end of the specified period, the market will resolve to ""No"" immediately.

If the listed drug is approved before the end of the specified period, the market will resolve to ""Yes,"" regardless of potential Advisory Committee votes against approval or later withdrawal of approval.

Conditional approvals may include post-marketing requirements or commitments and still qualify.

The primary resolution source will be official information from the FDA; however, a consensus of credible reporting will also be used.","business,drug,fda,medicine,science,tech"
503854,fda-approves-mannkinds-afrezza,FDA approves MannKind's Afrezza?,FDA approves MannKind's Afrezza?,0xfd1864c35c1ae22c3f5b68904a178e7c950c4f3cf2d6510c540a49a5af082765,79127495791978058124289140201339283810704766892738013113616067695776240067131,66665076381031090526699217818790364699357159322802016641307232473113503876522,True,True,"[""Yes"", ""No""]",1.0,0.0,0.998,True,2026-05-20T19:59:38.397837Z,2026-05-29T00:00:00Z,2026-06-02T11:53:48Z,resolved,3089.9535749999995,,,0.2135,0.3845,,0.001,0.999,1.0,,"As of market creation, the FDA's expected decision date for the specified application is May 29, 2026.

This market will resolve to ""Yes"" if the U.S. Food and Drug Administration (FDA) grants full or conditional approval for MannKind's Afrezza as a treatment for children and adolescents with type 1 or type 2 diabetes by June 12, 2026, 11:59 PM ET. Otherwise, this market will resolve to ""No.""

An approval is defined as:
For new drugs: FDA issuance of an approval letter for a New Drug Application (NDA) or Biologics License Application (BLA)
For already-marketed drugs seeking new indications: FDA approval of a supplemental NDA (sNDA) or supplemental BLA (sBLA) for the specific indication referenced
For generic drugs: FDA approval of an Abbreviated New Drug Application (ANDA)
For biosimilars: FDA approval of a 351(k) application

The following constitute qualifying approvals:
Standard approval (traditional approval based on clinical benefit), Accelerated approval (based on surrogate endpoints), Approval with Risk Evaluation and Mitigation Strategy (REMS), Approval with restricted distribution or indication limitations, except compassionate use/expanded access programs

The following do not constitute qualifying approvals:
Approvable letters that require additional actions before approval
Tentative approvals pending patent or exclusivity expiration
FDA requests for additional information or studies
Extension of Prescription Drug User Fee Amendments dates
Approval for compassionate use or expanded access programs only
Approval only for export or for use outside the United States
Emergency Use Authorization (EUA) without full approval
Complete Response Letters (CRLs) indicating the application cannot be approved in its current form

This market will immediately resolve to ""No"" if the FDA issues a Complete Response Letter (CRL) or explicitly declines to approve the application. If the drug sponsor withdraws the application before the end of the specified period, the market will resolve to ""No"" immediately.

If the listed drug is approved before the end of the specified period, the market will resolve to ""Yes,"" regardless of potential Advisory Committee votes against approval or later withdrawal of approval.

Conditional approvals may include post-marketing requirements or commitments and still qualify.

The primary resolution source will be official information from the FDA; however, a consensus of credible reporting will also be used.","business,drug,fda,medicine,science,tech"
503876,fda-approves-cingulates-ctx-1301,FDA approves Cingulate's Ctx-1301?,FDA approves Cingulate's Ctx-1301?,0xd875a7397c450d59deff30a9c696422d14db52db14087c8540380567880e2e36,100424870191122042078498362995444536848262353838665605867188417274254717266522,49872305991103339214866503746011032262187436778710748940993675465153655840327,True,True,"[""Yes"", ""No""]",0.0,1.0,0.002,False,2026-05-20T19:59:42.703769Z,2026-05-31T00:00:00Z,2026-06-03T00:15:18Z,resolved,10950.043305000001,,,-0.0575,-0.4045,,0.001,,0.001,"Cingulate received a Complete Response Letter from the FDA shortly after the May 31, 2026 PDUFA target date for its CTx-1301 NDA under the 505(b)(2) pathway, signaling that the application in its current form was not approved due to unresolved manufacturing, chemistry, or controls issues. Traders have priced this outcome at near-certainty because the agency action directly followed the review timeline, consistent with standard regulatory practice when additional data or responses are required. While the company continues engaging the FDA and maintains cash runway into 2027 for potential resubmission, approval remains contingent on addressing the CRL specifics, with no guaranteed timeline or outcome.","As of market creation, the FDA's expected decision date for the specified application is May 31, 2026.

This market will resolve to ""Yes"" if the U.S. Food and Drug Administration (FDA) grants full or conditional approval for Cingulate's Ctx-1301 as a treatment for children and adults with attention-deficit/hyperactivity disorder (ADHD) by June 14, 2026, 11:59 PM ET. Otherwise, this market will resolve to ""No.""

An approval is defined as:
For new drugs: FDA issuance of an approval letter for a New Drug Application (NDA) or Biologics License Application (BLA)
For already-marketed drugs seeking new indications: FDA approval of a supplemental NDA (sNDA) or supplemental BLA (sBLA) for the specific indication referenced
For generic drugs: FDA approval of an Abbreviated New Drug Application (ANDA)
For biosimilars: FDA approval of a 351(k) application

The following constitute qualifying approvals:
Standard approval (traditional approval based on clinical benefit), Accelerated approval (based on surrogate endpoints), Approval with Risk Evaluation and Mitigation Strategy (REMS), Approval with restricted distribution or indication limitations, except compassionate use/expanded access programs

The following do not constitute qualifying approvals:
Approvable letters that require additional actions before approval
Tentative approvals pending patent or exclusivity expiration
FDA requests for additional information or studies
Extension of Prescription Drug User Fee Amendments dates
Approval for compassionate use or expanded access programs only
Approval only for export or for use outside the United States
Emergency Use Authorization (EUA) without full approval
Complete Response Letters (CRLs) indicating the application cannot be approved in its current form

This market will immediately resolve to ""No"" if the FDA issues a Complete Response Letter (CRL) or explicitly declines to approve the application. If the drug sponsor withdraws the application before the end of the specified period, the market will resolve to ""No"" immediately.

If the listed drug is approved before the end of the specified period, the market will resolve to ""Yes,"" regardless of potential Advisory Committee votes against approval or later withdrawal of approval.

Conditional approvals may include post-marketing requirements or commitments and still qualify.

The primary resolution source will be official information from the FDA; however, a consensus of credible reporting will also be used.","business,drug,fda,medicine,science,tech"
555980,fda-approves-arvinas-vepdegestrant-06-05-2026,FDA approves Vepdegestrant?,FDA approves Vepdegestrant?,0x33bc65234a165163b12f0436e7a2df55853645129f3f6d8f5c1ace280227a381,19675190979063428584460012417029540764817099974380042355019255641503684988201,106288703384550053356326931093614322768148442265935356533968417534625833563685,True,True,"[""Yes"", ""No""]",1.0,0.0,0.998,True,2026-06-04T19:35:10.467592Z,2026-06-05T00:00:00Z,2026-06-05T02:36:54Z,resolved,49637.815713,,,,,,0.002,0.997,0.999,"The FDA granted full approval to vepdegestrant (Veppanu) on May 1, 2026, for adults with ER-positive, HER2-negative, ESR1-mutated advanced or metastatic breast cancer after progression on at least one prior line of endocrine therapy, as confirmed by an FDA-authorized test. This decision followed NDA acceptance in August 2025 with a June 5 PDUFA target and positive Phase 3 data demonstrating improved progression-free survival in the ESR1-mutant subgroup. As the first approved PROTAC heterobifunctional protein degrader, the therapy’s novel mechanism of targeted estrogen receptor degradation underpins the near-certain market consensus, with no remaining regulatory or labeling uncertainties.","As of market creation, the FDA's expected decision date for the specified application is June 5, 2026.

This market will resolve to ""Yes"" if the U.S. Food and Drug Administration (FDA) grants full or conditional approval for Arvinas & Pfizer's Vepdegestrant as a treatment for advanced breast cancer by June 19, 2026, 11:59 PM ET. Otherwise, this market will resolve to ""No.""

An approval is defined as:
For new drugs: FDA issuance of an approval letter for a New Drug Application (NDA) or Biologics License Application (BLA)
For already-marketed drugs seeking new indications: FDA approval of a supplemental NDA (sNDA) or supplemental BLA (sBLA) for the specific indication referenced
For generic drugs: FDA approval of an Abbreviated New Drug Application (ANDA)
For biosimilars: FDA approval of a 351(k) application

The following constitute qualifying approvals:
Standard approval (traditional approval based on clinical benefit), Accelerated approval (based on surrogate endpoints), Approval with Risk Evaluation and Mitigation Strategy (REMS), Approval with restricted distribution or indication limitations, except compassionate use/expanded access programs

The following do not constitute qualifying approvals:
Approvable letters that require additional actions before approval
Tentative approvals pending patent or exclusivity expiration
FDA requests for additional information or studies
Extension of Prescription Drug User Fee Amendments dates
Approval for compassionate use or expanded access programs only
Approval only for export or for use outside the United States
Emergency Use Authorization (EUA) without full approval
Complete Response Letters (CRLs) indicating the application cannot be approved in its current form

This market will immediately resolve to ""No"" if the FDA issues a Complete Response Letter (CRL) or explicitly declines to approve the application. If the drug sponsor withdraws the application before the end of the specified period, the market will resolve to ""No"" immediately.

If the listed drug is approved before the end of the specified period, the market will resolve to ""Yes,"" regardless of potential Advisory Committee votes against approval or later withdrawal of approval.

Conditional approvals may include post-marketing requirements or commitments and still qualify.

The primary resolution source will be official information from the FDA; however, a consensus of credible reporting will also be used.","business,drug,fda,medicine,science,tech"
382447,fda-approves-a-psychedelic-for-medical-use-in-2026,FDA approves a psychedelic for medical use in 2026?,FDA approves a psychedelic for medical use in 2026?,0x7ec2aaec75c826754697dc042c93ab3ec508f3ca546a0d0260f2bdbedbc68459,60580648533799922693070490076127788324101424464787775768413397482105354840,76955464940506623835704949798126873413500120471993846412619749033481937962994,True,True,"[""Yes"", ""No""]",1.0,0.0,0.999,True,2026-04-16T14:49:13.770915Z,2026-12-31T00:00:00Z,2026-05-06T18:44:04Z,resolved,46130.429729999996,,,0.5045,0.5695,,0.001,0.999,1.0,"Following President Trump's April 18 executive order directing accelerated development of psychedelic therapies for serious mental illnesses like PTSD and treatment-resistant depression, the FDA on April 24 issued Commissioner's National Priority Vouchers to Compass Pathways for its COMP360 psilocybin, Usona Institute, and Transcend Therapeutics for methylone, enabling ultra-fast priority reviews and rolling New Drug Application submissions. Compass's successful Phase 3 trial results in February further bolstered prospects, with FDA Commissioner Marty Makary indicating potential approvals as early as summer 2026. These regulatory advances explain trader consensus implying 55.5% odds of FDA approval for a psychedelic in 2026, though full clinical validation remains required amid prior MDMA setbacks, highlighting the competitive path ahead.","This market will resolve to ""Yes"" if the U.S. Food and Drug Administration (FDA) approves any psychedelic substance for medical use between market creation and December 31, 2026, 11:59 PM ET. Otherwise, this market will resolve to ""No.""

Psychedelic substances include: LSD, Psilocybin, DMT, Mescaline, MDMA, MDA, PCP, DXM, Ibogaine, Salvia divinorum, 2C family, and Ayahuasca.

An approval is defined as:
For new drugs: FDA issuance of an approval letter for a New Drug Application (NDA) or Biologics License Application (BLA)
For already-marketed drugs seeking new indications: FDA approval of a supplemental NDA (sNDA) or supplemental BLA (sBLA) for the specific indication referenced
For generic drugs: FDA approval of an Abbreviated New Drug Application (ANDA)
For biosimilars: FDA approval of a 351(k) application

The following constitute qualifying approvals:
Standard approval (traditional approval based on clinical benefit), Accelerated approval (based on surrogate endpoints), Approval with Risk Evaluation and Mitigation Strategy (REMS), Approval with restricted distribution or indication limitations, except compassionate use/expanded access programs

The following do not constitute qualifying approvals:
Approvable letters that require additional actions before approval
Tentative approvals pending patent or exclusivity expiration
FDA requests for additional information or studies
Extension of Prescription Drug User Fee Amendments dates
Approval for compassionate use or expanded access programs only
Approval only for export or for use outside the United States
Emergency Use Authorization (EUA) without full approval
Complete Response Letters (CRLs) indicating the application cannot be approved in its current form

If the listed drug is approved within this market’s timeframe, the market will resolve to ""Yes,"" regardless of potential Advisory Committee votes against approval or later withdrawal of approval.

Conditional approvals may include post-marketing requirements or commitments and still qualify.

The primary resolution source will be official information from the FDA; however, a consensus of credible reporting will also be used.","drug,fda,food-and-drug-administration,lsd,mushrooms,politics,psilocybin"
